city,state,Total_HH,THH_MOE,Total_Unmarried,TU_MOE,Male_Male_HH,MMHH_MOE,Female_Female_HH,FFHH_MOE,All_Other_HH,AOH_MOE
Aberdeen,MD,80367,1804,5110,1199,161,157,82,99,75257,2097
Abilene,TX,40522,1692,2843,784,122,181,74,91,37679,1778
Akron,OH,232594,3713,16358,2141,309,198,410,309,216236,4023
Albany,GA,34385,1535,1588,702,0,211,151,258,32797,1492
Albany Schenectady,NY,237214,4039,16475,2011,379,319,918,509,220739,3739
Albuquerque,NM,292506,3996,22806,2357,843,380,1246,606,269700,4120
Alexandria,LA,28514,1463,1095,531,0,201,44,78,27419,1493
Allentown,NJ,252406,3264,17370,2097,436,266,533,324,235036,3885
Alton,MO,35096,1740,2032,714,69,112,98,112,33064,1872
Altoona,PA,30713,1546,2818,838,16,26,0,168,27895,1562
Amarillo,TX,75151,1737,4571,926,99,118,185,170,70580,2059
Anchorage,AK,90508,2328,8288,1443,307,300,607,383,82220,2227
Anderson,IN,35396,1491,3032,794,20,32,62,101,32364,1586
Anderson,SC,31168,1640,738,330,40,65,0,200,30430,1613
Ann Arbor,MI,124369,2356,8766,1424,502,245,260,151,115603,2511
Anniston,AL,31388,1730,1368,547,0,189,0,189,30020,1746
Antioch,CA,91858,2646,6707,1425,0,200,115,138,85151,3090
Appleton,WI,88346,2186,7709,1319,0,145,153,130,80637,2359
Asheville,NC,122056,3536,6043,1209,235,184,905,532,116013,3586
Athens-Clarke County,GA,49574,2136,3744,1270,74,120,150,155,45830,2290
Atlanta,GA,1702537,8794,99245,5136,6064,1251,5937,1551,1603292,9424
Atlantic City,NJ,94411,2748,6834,1419,28,47,218,166,87577,2847
Auburn,AL,31046,2038,1407,663,0,189,195,244,29639,1953
Augusta-Richmond County,SC,144852,3974,6753,1560,289,224,317,329,138099,3953
Austin,TX,566338,5831,39189,3377,2262,697,3180,890,527149,6538
Avondaleodyear,AZ,67597,2877,4744,1127,242,252,127,153,62853,2917
Bakersfield,CA,171077,3677,14455,2074,189,157,371,288,156622,4046
Baltimore,MD,848163,5536,57875,4034,1590,669,1948,725,790288,6764
Barnstablewn,MA,107071,3179,5214,1070,42,70,216,285,101857,3071
Baton Rouge,LA,227957,4230,15019,2257,121,144,354,276,212938,4702
Battleeek,MI,29564,1297,2270,703,0,165,118,190,27294,1374
Bayty,MI,28183,1374,3016,866,0,165,190,284,25167,1254
Beaumont,TX,56146,2548,3196,1046,0,211,39,68,52950,2812
Bellingham,WA,47666,2257,2750,943,77,128,0,193,44916,2150
Beloit,IL,25894,1460,2403,841,0,187,42,70,23491,1643
Bend,OR,35997,1932,3558,1124,0,197,0,197,32439,1993
Billings,MT,47792,1339,4009,965,0,161,131,210,43783,1297
Binghamton,PA,63274,1630,4762,1052,93,123,0,187,58512,1628
Birmingham,AL,297562,4357,12559,1806,459,251,395,250,285003,4598
Bismarck,ND,39645,1379,3359,965,0,147,0,147,36286,1383
Blacksburg,VA,31826,1931,1999,735,111,191,88,140,29827,2068
Bloomington,IN,41236,2020,3498,940,180,180,131,177,37738,2049
Bloomingtonrmal,IL,52435,1388,2394,629,0,182,0,182,50041,1520
Boisety,ID,146139,2440,7911,1423,128,152,601,383,138228,2842
Bonitarings,FL,137075,4254,8616,1488,48,77,492,306,128459,4252
Boston,RI,1629240,7885,101963,4905,3777,853,3590,916,1527277,8097
Boulder,CO,51111,1867,4241,1004,70,91,191,184,46870,1982
Bowlingeen,KY,29967,1578,2292,841,49,82,39,68,27675,1468
Bremerton,WA,77458,2276,4529,1016,232,257,170,207,72929,2525
Bridgeportamford,NY,344935,4414,17297,2220,489,274,262,192,327638,4605
Bristolistol,VA,30136,1417,1961,675,0,187,101,159,28175,1440
Brownsville,TX,61141,2204,2783,830,55,92,54,66,58358,2403
Buffalo,NY,391844,3570,25713,2500,312,205,328,227,366131,3921
Burlington,NC,51120,1624,2945,822,89,108,232,260,48175,1786
Burlington,VT,44425,1196,3887,963,180,194,285,259,40538,1397
Camarillo,CA,25773,1571,604,296,0,200,0,200,25169,1549
Canton,OH,112131,2650,7884,1455,596,379,60,98,104247,2520
Caperal,FL,225127,5313,17919,2348,271,186,672,432,207208,5246
Carbondale,IL,27390,1801,1254,530,0,182,255,224,26136,1670
Casper,WY,28781,1095,1965,665,0,190,0,190,26816,1182
Cedarpids,IA,74643,1916,5999,1205,0,155,0,155,68644,2049
Champaign,IL,59611,2229,3766,1028,44,78,183,186,55845,2415
Charleston,WV,63798,2294,5237,1319,243,179,122,137,58561,2468
Charlestonrtharleston,SC,227651,3938,13473,2034,39,66,448,294,214178,4062
Charlotte,NC,515518,4733,29745,3021,1656,596,1286,490,485773,4976
Charlottesville,VA,37982,1960,3047,818,151,154,156,141,34935,1876
Chattanooga,GA,153365,3060,10350,1984,237,186,301,262,143015,3079
Cheyenne,WY,30396,1361,1807,752,48,76,61,128,28589,1377
Chicago,IL,3132348,9793,174255,6416,6398,1183,5167,967,2958093,11304
Chico,CA,41034,2125,3402,1037,52,82,87,102,37632,2298
Cincinnati,OH,648448,5236,43359,3783,1264,511,1623,629,605089,6368
Clarksville,KY,58782,2077,2694,724,35,64,117,120,56088,2006
Cleveland,OH,735387,5795,42865,2879,1056,521,1842,698,692522,6394
Cleveland,TN,25992,1602,951,439,0,198,125,132,25041,1684
Coeur_d'Alene,ID,41598,1904,2385,937,0,190,0,190,39213,2057
Collegeationyan,TX,68741,2098,5037,1293,0,211,350,321,63704,2367
Colorado Springs,CO,222921,3305,13869,1979,229,193,902,426,209052,3572
Columbia,MO,51641,2162,3405,1294,27,45,152,179,48236,2161
Columbia,SC,214870,3574,11267,1785,372,240,568,305,203603,3651
Columbus,AL,97980,3027,6115,1482,0,187,124,146,91865,3106
Columbus,OH,564852,4599,41787,3453,2107,585,1977,511,523065,5285
Concord,CA,240044,3959,10607,1851,308,233,346,209,229437,4445
Concord,NC,83255,2494,3225,750,59,75,80,97,80030,2584
Conroeeodlands,TX,97266,4037,4008,1405,78,133,285,341,93258,4140
Conway,AR,26494,1086,2436,979,29,52,61,96,24058,1245
Corpus Christi,TX,122829,2386,7380,1458,285,220,323,259,115449,2788
Dallas,TX,1953157,9664,114845,5780,4466,867,4553,959,1838312,10487
Dalton,GA,30065,1780,1468,568,0,211,0,211,28597,1865
Danbury,NY,59660,2156,3649,944,67,111,0,187,56011,2123
Daphneirhope,AL,24067,1990,690,403,0,189,43,75,23377,1960
Davenport,IL,113766,1692,8369,1354,159,122,263,172,105397,1929
Davis,CA,26946,1539,1269,484,91,111,0,200,25677,1536
Dayton,OH,298331,3586,16257,1808,353,237,476,290,282074,3704
Decatur,AL,27796,1352,1134,613,0,189,115,138,26662,1563
Decatur,IL,36961,1521,2201,653,35,44,90,101,34760,1501
DeKalb,IL,23908,1452,2060,795,36,60,71,120,21848,1410
Deltona,FL,68942,3064,4740,1146,158,205,196,164,64202,3104
Dentonwisville,TX,140228,2434,7770,1458,136,139,420,205,132458,2699
Denver,CO,983392,5026,65496,4078,2834,722,3343,838,917896,6146
Desines,IA,188865,2661,13285,1771,86,98,449,323,175580,3037
Detroit,MI,1441378,6554,81571,4368,1757,535,1950,534,1359807,7982
Dothan,AL,26914,957,1314,296,22,25,49,55,25600,917
Dover,DE,40516,1800,1916,684,0,185,142,108,38600,1748
Doverchester,ME,32886,1565,2969,902,0,187,61,98,29917,1680
Dubuque,IL,28549,910,1780,569,0,187,0,187,26769,1050
Duluth,WI,50541,1850,3733,727,63,103,162,128,46808,1793
Durham,NC,147760,3044,8286,1371,340,235,515,287,139474,2910
Eauaire,WI,43676,1602,4031,1100,84,143,174,217,39645,1642
Elntrolexico,CA,28316,1855,1449,710,0,200,0,200,26867,1962
Elizabethtowndcliff,KY,27519,1322,1510,793,0,185,0,185,26009,1163
Elkhart,MI,53526,1703,4506,1171,147,218,71,115,49020,2038
Elmira,NY,26438,1453,3482,850,104,128,0,189,22956,1545
El Paso,TX,251450,3154,9673,1677,406,344,591,337,241777,3509
El Paso de Robles (Paso Robles) Atascadero,CA,24121,1593,1011,507,0,200,48,79,23110,1626
Erie,PA,79396,1969,4700,970,401,352,112,109,74696,2006
Eugene,OR,102394,2375,9528,1540,190,160,307,275,92866,2629
Evansville,KY,95024,2541,5948,1327,73,85,106,127,89076,2879
Fairbanks,AK,22862,1538,1929,755,25,43,34,57,20933,1446
Fairfield,CA,44404,2086,2357,771,0,200,0,200,42047,2161
Fargo,MN,80307,2021,6195,1431,236,317,83,129,74112,2147
Fayetteville,NC,120360,2342,5891,975,164,168,153,183,114469,2458
Fayetteville Springdale Rogers ,MO,117708,2911,7533,1469,436,368,218,181,110175,3340
Flagstaff,AZ,25027,1770,1286,442,0,200,49,79,23741,1854
Flint,MI,142311,2783,11760,1807,219,212,60,102,130551,3086
Florence,AL,33366,1635,1757,772,45,55,26,44,31609,1660
Florence,SC,35726,2029,921,462,0,200,0,200,34805,2083
Fortllins,CO,110426,2567,8074,1509,53,92,117,112,102352,2673
Fortith,OK,47247,2142,1994,750,83,135,134,130,45253,2116
Fort Walton Beach Navarre Wright,FL,79501,2784,5344,1277,267,256,250,309,74157,2810
Fort Wayne,IN,123430,2378,9561,1383,167,126,242,170,113869,2597
Frederick,MD,55902,1596,3678,1060,47,79,103,95,52224,1871
Fredericksburg,VA,52580,1986,2748,742,121,140,69,112,49832,2057
Fresno,CA,218609,3289,18991,2739,464,316,425,284,199618,4150
Gainesville,FL,73824,3120,5298,1206,260,219,175,159,68526,3106
Gainesville,GA,46121,1599,3224,1079,0,211,71,86,42897,1551
Gastonia,SC,62878,1975,3158,908,287,334,197,200,59720,1911
Gilroy Morgan Hill,CA,33517,1501,1741,696,0,200,0,200,31776,1731
Glens Falls,NY,26660,1892,2787,786,0,189,199,319,23873,1883
Grand Forks ,MN,27559,1000,2018,763,52,84,0,187,25541,961
Grand Junction,CO,51430,1621,2159,644,108,179,0,192,49271,1761
Grand Rapids,MI,218745,3239,14437,1963,448,239,168,131,204308,3204
Great Falls,MT,27903,950,1647,495,0,161,0,161,26256,1081
Greeley,CO,43865,1835,2423,752,28,48,197,201,41442,1880
Green Bay,WI,84647,1824,7092,1303,122,118,138,115,77555,2126
Greensboro,NC,128829,3741,6874,1556,299,258,214,166,121955,3393
Greenville,NC,49197,1898,4640,1290,180,210,76,97,44557,2159
Greenville,SC,157828,3269,8762,1430,262,193,562,533,149066,3470
Gulfport,MS,86498,3178,6322,1563,71,120,199,180,80176,3397
Hagerstown,PA,67758,2288,4893,1208,100,132,83,104,62865,2590
Hammond,LA,23956,2105,842,576,0,201,0,201,23114,2065
Hanford,CA,28506,1326,2325,954,0,200,0,200,26181,1571
Hanover,PA,25933,1358,1615,625,44,74,38,66,24318,1340
Harlingen,TX,42534,2266,2428,692,0,211,95,156,40106,2447
Harrisburg,PA,187094,3440,13981,2199,605,367,284,214,173113,3660
Harrisonburg,VA,23838,944,1241,649,0,195,83,131,22597,1084
Hartford,CT,358452,3677,22529,2124,646,462,560,284,335923,3669
Hattiesburg,MS,30587,1764,2083,966,0,206,24,44,28504,1662
Hemet,CA,57930,3195,5045,1198,152,239,276,355,52885,3307
Hickory,NC,76537,2731,4738,1163,134,133,115,155,71799,2758
High Point,NC,63918,2734,4231,1071,67,111,374,336,59687,2509
Hilton Head Island,SC,29127,1844,1686,693,116,207,74,96,27441,1770
Holland,MI,36701,1602,1893,719,0,165,87,152,34808,1747
Homosassa Springs Beverly Hills Citrus Springs,FL,33587,2307,1408,616,57,96,0,214,32179,2280
Houma,LA,52863,2396,4428,1350,43,69,63,119,48435,2482
Houston,TX,1845374,9236,104242,5141,4085,1006,5142,1311,1741132,11050
Huntington,OH,83683,2411,5137,1059,50,79,154,134,78546,2703
Huntsville,AL,119788,2576,3443,976,306,387,130,133,116345,2856
Idaho Falls,ID,30976,1360,1801,835,0,190,300,351,29175,1563
Indianapolis,IN,588042,5772,41341,3370,2067,710,2109,613,546701,6359
Indio Cathedral City,CA,139157,3111,10975,1539,2360,633,299,178,128182,3195
Iowa city,IA,45994,1690,3800,1060,300,297,215,229,42194,2085
Jackson,MI,34797,1632,3642,843,45,70,125,154,31155,1584
Jackson,MS,130325,2957,5183,1193,319,303,25,42,125142,3080
Jackson,TN,28178,1242,873,473,0,198,22,40,27305,1359
Jacksonville,FL,416739,5749,24685,2612,488,289,1362,812,392054,6186
Jacksonville,NC,32920,1991,1236,602,0,198,25,43,31684,2043
Janesville,WI,27397,1168,2001,628,0,145,26,43,25396,1313
Johnsonty,TN,52098,2072,3791,1084,112,129,159,160,48307,2200
Johnstown,PA,28559,1250,1450,465,47,57,68,112,27109,1189
Jonesboro,AR,26509,1493,2124,884,197,247,82,140,24385,1593
Joplin,MO,32022,1565,2845,835,135,139,0,181,29177,1577
Kailua (Honolulu County) Kaneohe,HI,33498,1402,1813,648,0,181,10,16,31685,1475
Kalamazoo,MI,85581,2191,7386,1338,253,273,417,258,78195,2079
Kankakee,IL,28618,1130,3039,920,0,182,59,95,25579,1346
Kansas City ,MO,616138,6123,38008,2966,1577,414,1308,557,578130,6527
Kennewick Pasco,WA,79123,1873,5108,970,0,193,0,193,74015,2137
Kenosha,IL,45383,1629,3251,657,0,187,93,111,42132,1649
Killeen,TX,76825,3031,3439,948,0,211,21,36,73386,3016
Kingsport,VA,44495,1585,2549,733,44,78,103,104,41946,1586
Kissimmee,FL,105921,5110,6033,1545,238,205,0,214,99888,5025
Knoxville,TN,230068,3807,13063,1585,180,165,1003,493,217005,3845
La Crosse ,MN,40918,1363,3965,822,74,119,0,187,36953,1552
Lady Lake The Villages,FL,58043,3020,3936,1694,0,214,241,336,54107,2930
Lafayette,IN,55469,2009,3935,1134,69,83,0,187,51534,2041
Lafayette,LA,98983,2555,6915,1709,426,276,217,207,92068,3004
Lafayette Louisville Erie,CO,32437,1359,1270,540,0,192,170,146,31167,1484
Lake Charles,LA,56645,2317,3175,883,130,211,128,156,53470,2300
Lake Jackson ,TX,29780,1838,2307,916,0,211,0,211,27473,1795
Lakeland,FL,95546,3672,5288,1189,87,101,186,155,90258,3688
Lancaster,PA,155932,2562,10484,1376,326,243,466,283,145448,2780
Lancaster Palmdale,CA,101013,2826,7423,1275,41,68,71,87,93590,3039
Lansing,MI,126462,2224,9556,1270,354,237,408,268,116906,2537
Laredo,TX,67340,1095,3751,926,0,211,361,301,63589,1424
Las Cruces,NM,49986,2038,4776,1627,397,590,437,619,45210,2213
Las Vegas ,NV,706422,5601,59311,4043,1737,555,1914,699,647111,6144
Lawrence,KS,36482,1427,2396,782,0,168,119,135,34086,1531
Lawton,OK,31728,1822,2585,868,47,76,69,114,29143,1901
Lebanon,PA,29090,1573,2362,703,0,168,0,168,26728,1556
Leesburgstisvares,FL,54572,2448,3500,1108,67,109,254,212,51072,2139
Leominstertchburg,MA,46047,1840,3816,1115,69,112,0,198,42231,2050
Lexington-Fayette,KY,125624,1962,9491,1601,347,257,368,192,116133,2287
Lima,OH,28346,1323,1797,583,0,185,0,185,26549,1400
Lincoln,NE,108773,1649,7878,1172,139,160,389,290,100895,1965
Littleck,AR,173012,3377,6057,1126,213,206,182,158,166955,3511
Livermore,CA,31333,1521,1923,707,0,200,73,120,29410,1541
Lodi,CA,25059,1362,1724,650,0,200,122,191,23335,1505
Logan,UT,30243,1278,746,349,0,184,0,184,29497,1269
Longmont,CO,34965,1757,2411,761,0,192,0,192,32554,1729
Longview,TX,37788,1660,2550,833,58,75,0,211,35238,1880
Longview,OR,25882,1395,2477,787,42,77,41,68,23405,1345
Lorain Elyria,OH,69949,2484,5949,1086,38,61,70,127,64000,2412
Los Angeles,CA,4033754,12845,274860,6338,10831,1540,6880,1117,3758894,13411
Louisville-Jefferson,KY,396561,4512,26751,2320,430,258,989,421,369810,4522
Lubbock,TX,96525,1936,5973,1292,254,378,256,216,90552,2468
Lynchburg,VA,44392,1634,1623,762,0,195,50,85,42769,1611
McAllen,TX,211407,3589,8258,1824,261,248,177,247,203149,4471
McKinney,TX,69036,2395,2836,929,0,211,0,211,66200,2561
Macon,GA,49836,1780,2661,833,0,211,31,54,47175,2025
Madison,WI,176915,2712,15812,1990,464,293,809,476,161103,3361
Manchester,NH,62065,2180,6533,1122,203,165,163,261,55532,2228
Mandeville Covington,LA,35331,1934,1619,731,42,49,70,113,33712,1873
Mansfield,OH,29405,1720,2080,641,0,185,31,51,27325,1825
Manteca,CA,29979,2176,1874,759,0,200,0,200,28105,2140
Marysville,WA,56086,2263,3370,724,0,193,0,193,52716,2188
Mauldin Simpsonville,SC,47322,2122,2102,780,0,200,0,200,45220,2281
Medford,OR,62896,2193,5406,1508,0,197,169,196,57490,2420
Memphis ,TN,397505,3980,22984,2730,412,275,508,399,374521,4451
Merced,CA,44384,1798,4280,1134,38,69,0,200,40104,1877
Miami,FL,2029788,9750,130487,6413,6886,1188,3614,836,1899301,11612
Michigan City La Porte IN,MI,25742,1563,2563,937,0,187,0,187,23179,1544
Middletown,OH,37630,1986,3661,779,0,185,144,171,33969,1916
Midland,TX,44870,1764,2342,1036,0,211,49,81,42528,2030
Milwaukee,WI,555836,3517,35040,2801,801,311,1606,478,520796,3984
Minneapolis,MN,1080039,5502,76852,4675,2735,613,2158,629,1003187,6618
Mission Viejo Lake Forest San Clemente,CA,220418,3675,9274,1589,307,222,125,152,211144,3785
Missoula,MT,36599,1456,2535,917,0,161,124,155,34064,1667
Mobile,AL,123861,3189,3903,1134,106,118,155,202,119958,3180
Modesto,CA,118265,2687,8139,1336,138,163,375,279,110126,2771
Monroe,LA,44020,2025,1841,704,0,201,68,117,42179,2033
Montgomery,AL,98749,2408,4922,1205,45,76,83,99,93827,2591
Morgantown,WV,28045,1605,1942,623,35,55,0,187,26103,1537
Muncie,IN,35239,1763,2397,818,137,181,18,31,32842,1789
Murfreesboro,TN,53937,2536,3021,854,0,198,116,138,50916,2611
Murrieta Temecula Menifee,CA,143469,3129,7503,1565,357,363,509,419,135966,3452
Muskegon,MI,63266,1816,4426,932,0,165,41,72,58840,1899
Myrtle Beach Socastee ,NC,106717,3630,7258,1393,337,229,105,126,99459,3763
Nampa,ID,53329,1548,3572,1131,0,190,65,112,49757,1815
Napa,CA,31175,1260,1937,766,0,200,0,200,29238,1465
Nashua,MA,86398,2666,6642,1144,0,187,34,56,79756,2852
Nashville-Davidson,TN,400500,4971,21520,2339,970,329,1184,493,378980,5588
Newark,OH,30712,1652,2975,1081,299,334,110,85,27737,1791
New Bedford,MA,58420,2034,5057,984,0,198,160,212,53363,2233
New Haven,CT,216770,4023,11351,1614,268,218,253,191,205419,4138
New Orleans,LA,366703,4335,23025,2220,1435,594,733,248,343678,4137
New York,NY,6726147,15213,347297,9694,17392,2051,10190,1630,6378850,15383
Norman,OK,42575,2322,3127,1221,0,153,177,184,39448,2200
North Port Port Charlotte,FL,75196,3108,3980,1200,227,377,100,101,71216,3135
Norwich New London ,RI,82432,2727,4486,1042,114,134,79,93,77946,2874
Ocala,FL,67829,3152,3575,1106,0,214,0,214,64254,3061
Odessa,TX,46971,1997,2037,713,75,92,121,154,44934,2063
Ogden Layton,UT,182441,2010,7431,1250,0,184,321,218,175010,2236
Oklahoma City,OK,346381,4284,21509,2015,459,221,1024,432,324872,4634
Olympia Lacey,WA,73328,2144,6779,1577,223,365,240,227,66549,2314
Omaha,NE,292902,2861,17526,1921,710,489,314,247,275376,2950
Orlando,FL,574730,8315,40043,3603,2379,713,780,357,534687,8776
Oshkosh,WI,29701,1573,3198,845,0,145,123,119,26503,1571
Owensboro,KY,29141,1184,1517,723,0,185,0,185,27624,1322
Oxnard,CA,113615,2826,8130,1765,0,200,0,200,105485,3567
Palm Bay Melbourne,FL,187743,3988,10511,1804,251,302,355,467,177232,4462
Palm Coast Daytona Beach Port Orange,FL,146885,3526,8667,1508,301,229,137,118,138218,3499
Panama City,FL,57965,2329,3010,700,56,69,26,51,54955,2229
Parkersburg,OH,28644,1346,2308,654,25,42,0,187,26336,1319
Pensacola,AL,130198,3819,7037,1763,240,225,23,38,123161,3746
Peoria,IL,108618,2577,7310,1423,277,218,211,190,101308,2838
Petaluma,CA,24161,1546,1607,612,0,200,16,26,22554,1660
Philadelphia,PA,2039838,9167,117053,5015,4553,832,3992,1106,1922785,9424
Phoenix,AZ,1394330,8949,106052,4884,3265,848,3445,837,1288278,9560
Pittsburgh,PA,745895,5244,42890,2707,816,331,1226,432,703005,5161
Pocatello,ID,26072,1052,1779,582,183,173,51,87,24293,1104
Port Arthur,TX,58896,2417,4069,1442,0,211,211,206,54827,2698
Porterville,CA,20226,1475,2748,897,0,200,0,200,17478,1628
Port Huron,MI,34598,1468,2695,748,37,61,0,165,31903,1393
Portland,ME,90257,2706,8324,1307,256,271,388,225,81933,2711
Portland,OR,756080,4801,62758,3829,2179,637,2908,818,693322,5927
Port.cie,FL,153674,4398,8586,1623,519,436,304,297,145088,4417
Portsmouth ,ME,40253,2111,4302,1161,0,187,111,127,35951,2076
Pottstown,PA,41859,1822,2536,896,0,168,116,136,39323,1637
Poughkeepsie Newburgh NY,NJ,142424,3060,8168,1585,211,179,324,341,134256,3218
Prescott Valley Prescott,AZ,37673,2123,2234,797,0,200,165,160,35439,2215
Providence,RI,464985,4498,32848,3109,1187,533,771,373,432137,5106
Provo Orem,UT,141594,1466,4202,1016,0,184,26,43,137392,2005
Pueblo,CO,54290,1552,3043,731,21,35,104,126,51247,1740
Racine,WI,51854,1735,4947,1123,166,166,42,69,46907,1790
Raleigh,NC,366328,3979,19817,2760,618,356,754,401,346511,4124
Rapid City,SD,33434,1339,2565,777,35,61,54,97,30869,1543
Reading,PA,98269,2262,7792,1503,63,58,238,190,90477,2851
Redding,CA,44401,1671,2663,670,0,200,116,199,41738,1661
Reno,NV,155378,2304,11944,1713,297,177,563,311,143434,2674
Richmond,VA,380398,4229,21043,2331,835,506,938,454,359355,4528
Riverside,CA,552613,6008,39085,3859,436,245,1338,783,513528,7189
Roanoke,VA,88810,2014,5041,1192,302,196,197,210,83769,2291
Rochester,MN,45055,1089,3211,825,75,88,46,77,41844,1296
Rochester,NY,292869,3788,20949,2257,841,399,463,252,271920,4067
Rockford,IL,113052,2133,8407,1587,140,144,186,199,104645,2347
Rock Hill,SC,41668,2009,3255,760,0,200,0,200,38413,2014
Rocky Mount,NC,26016,1933,1956,765,0,198,0,198,24060,1872
Round Lake Beach McHenry Grayslake IL,WI,102333,2671,4801,912,162,160,0,187,97532,2890
Sacramento,CA,641175,5557,42777,3646,1423,563,2098,783,598398,5947
Saginaw,MI,50401,1617,3598,890,113,109,111,129,46803,1772
St. Augustine,FL,29953,2452,1423,677,0,214,63,103,28530,2471
St. Cloud,MN,43536,1855,4344,1188,204,226,201,222,39192,1839
St. George,UT,35330,2100,1208,652,70,113,66,112,34122,1909
St. Joseph MO,KS,30279,1237,1865,544,0,187,41,67,28414,1156
St. Louis,MO,856977,6539,47123,3581,1654,560,2031,818,809854,7361
Salem,OR,87902,2428,4903,1198,101,171,44,73,82999,2672
Salinas,CA,49940,1967,5616,1181,0,200,48,80,44324,2218
Salisbury,MD,36465,1818,2342,772,21,37,0,187,34123,2012
Salt Lake City West Valley City,UT,354693,2526,19518,2149,386,263,594,360,335175,2845
San Angelo,TX,36488,1645,1553,653,74,136,29,50,34935,1626
San Antonio,TX,644848,5108,37958,3414,1048,434,2046,775,606890,5807
San Diego,CA,1057919,6662,68979,4633,2949,959,1902,484,988940,7255
San Francisco,CA,1271789,6512,86174,4560,7455,1289,3744,895,1185615,7527
San Jose,CA,581256,3501,32048,2917,1374,425,798,354,549208,4211
Santa Barbara,CA,69523,2490,4351,1096,58,73,93,96,65172,2386
Santa Clarita,CA,82906,2506,4970,1069,39,61,0,200,77936,2640
Santa Cruz,CA,64269,2332,5029,1192,106,135,66,110,59240,2422
Santa Fe,NM,37650,1885,3264,907,228,131,254,178,34386,1915
Santa Maria,CA,38901,1721,3302,1041,0,200,209,199,35599,1750
Santa Rosa,CA,118044,2784,8713,1332,109,137,401,274,109331,3060
Sarasota Bradenton,FL,293228,5463,19232,2238,895,484,940,506,273996,5668
Saratoga Springs,NY,28040,1747,2201,973,82,133,0,189,25839,1859
Savannah,GA,103297,2670,6053,1328,239,194,242,210,97244,2954
Scranton,PA,151957,2878,10126,1568,307,214,242,182,141831,2993
Seaside Monterey,CA,43152,1741,2854,731,100,139,77,90,40298,1902
Seattle,WA,1262581,6857,88369,4740,4028,1010,3070,820,1174212,7474
Sebastian Vero Beach South Florida Ridge,FL,61334,2942,2663,924,52,84,52,86,58671,2886
Sheboygan,WI,29822,1243,2423,712,0,145,146,178,27399,1456
Sherman,TX,24699,1251,1483,554,0,211,128,161,23216,1272
Shreveport,LA,114649,2951,7205,1415,194,193,467,346,107444,2888
Simi Valley,CA,43220,1655,2567,751,0,200,237,237,40653,1915
Sioux City IA NE,SD,39662,1340,3647,1153,408,424,88,146,36015,1420
Sioux Falls,SD,67633,1535,4038,967,35,62,215,236,63595,1650
Slidell,LA,33246,1909,2633,1083,0,201,0,201,30613,1982
South Bend IN,MI,106756,2830,6624,1378,356,296,237,193,100132,2816
South Lyon Howell,MI,47452,1758,1607,538,48,79,41,69,45845,1655
Spartanburg,SC,71360,2442,4040,1028,163,203,247,245,67320,2422
Spokane,WA,156761,2338,11684,1672,79,133,231,157,145077,2776
Springfield,IL,69086,1680,3549,923,192,220,184,150,65537,1825
Springfield,MA,232112,3231,17012,2591,407,326,844,412,215100,3835
Springfield,MO,116578,3164,8424,1604,74,124,219,180,108154,2850
Springfield,OH,35339,1262,2631,742,51,86,0,185,32708,1416
Spring Hill,FL,60104,2245,3533,855,151,145,167,207,56571,2348
State College,PA,30678,1620,1823,693,0,168,117,195,28855,1659
Stockton,CA,118058,2925,12358,1432,72,91,233,222,105700,3055
Sumter,SC,28066,1599,833,460,0,200,44,76,27233,1651
Syracuse,NY,163470,2425,12403,1539,41,67,354,283,151067,2819
Tallahassee,FL,98491,2450,6420,1455,202,225,303,231,92071,2642
Tampa,FL,1014675,7109,75026,4707,4274,856,4246,973,939649,7713
Temple,TX,34298,1814,1628,678,0,211,81,139,32670,1881
Terre Haute,IN,34755,1506,2799,685,19,31,144,187,31956,1650
Texarkana Texarkana TX,AR,30829,1676,1942,678,80,134,0,187,28887,1734
Texas City,TX,42688,2205,2223,762,0,211,225,218,40465,2255
Thousand Oaks,CA,75514,2178,2616,841,42,70,43,71,72898,2173
Toledo,MI,204911,3355,15947,1795,224,161,713,348,188964,3634
Topeka,KS,59319,1680,4195,845,193,188,214,175,55124,1817
Tracy,CA,24748,1340,2188,777,86,86,0,200,22560,1249
Trenton,NJ,106617,2316,4297,1097,49,79,89,104,102320,2212
Tucson,AZ,335235,4854,23826,2802,1066,454,1251,513,311409,4691
Tulsa,OK,268461,2209,15821,1356,294,198,625,319,252640,2719
Turlock,CA,32392,1767,2287,940,263,413,25,43,30105,1834
Tuscaloosa,AL,51011,2286,1547,610,0,189,0,189,49464,2223
Tyler,TX,48032,2479,1347,612,82,149,0,211,46685,2553
Honolulu,HI,265306,2986,16600,2245,933,367,788,465,248706,3258
Utica,NY,45303,1997,3720,852,145,241,75,91,41583,2082
Vacaville,CA,32747,1394,2704,878,0,200,73,123,30043,1624
Valdosta,GA,26653,1510,1005,503,0,211,0,211,25648,1405
Vallejo,CA,59538,1745,3441,798,149,179,187,253,56097,1820
Victoria,TX,23965,1312,2623,731,0,211,117,145,21342,1254
Victorville Hesperia,CA,96089,2953,7934,1677,295,223,437,455,88155,3134
Vineland,NJ,34552,1542,2994,867,0,195,0,195,31558,1789
Virginia Beach,VA,544728,4265,27357,2294,560,299,1528,647,517371,4616
Visalia,CA,70222,2434,6142,1188,179,152,39,64,64080,2565
Waco,TX,64727,1804,2813,843,20,33,130,158,61914,1934
Waldorf,MD,41212,1526,1629,581,69,115,46,80,39583,1592
Warner Robins,GA,51453,2336,2971,1311,223,348,348,497,48482,2568
Washington D.C.,DC,1759593,7576,91800,5445,5422,898,2980,809,1667793,8980
Waterbury,CT,70584,2806,4538,1129,0,197,67,108,66046,2715
Waterloo,IA,45949,1381,2945,794,71,87,0,155,43004,1219
Watsonville,CA,20851,1535,1602,629,0,200,203,237,19249,1583
Wausau,WI,31585,1149,1838,522,0,145,0,145,29747,1244
Weirton Steubenville WV OH,PA,31057,1501,2430,809,0,187,0,187,28627,1511
Wenatchee,WA,25105,1662,1887,677,0,193,104,144,23218,1578
West Bend,WI,29850,1318,2199,796,173,267,73,86,27651,1432
Westminster Eldersburg,MD,25595,1402,1117,483,0,193,43,70,24478,1411
Wheeling,OH,34988,1727,2935,963,0,187,43,71,32053,1688
Wichita,KS,181455,3170,10212,1468,55,90,338,203,171243,3197
Wichita Falls,TX,34193,1945,2165,689,56,100,64,72,32028,1718
Williamsburg,VA,31286,1472,859,414,0,195,0,195,30427,1451
Wilmington,NC,98205,2637,6028,1473,297,325,175,174,92177,2704
Winchester,VA,27326,1410,2070,805,0,195,0,195,25256,1518
Winston-Salem,NC,160512,2726,7376,1317,337,204,195,161,153136,2979
Winter Haven,FL,74912,3157,5569,1258,81,132,225,234,69343,3191
Worcester,MA,183178,3947,10816,1657,380,220,430,251,172362,4055
Yakima,WA,46667,1482,3559,949,0,193,97,120,43108,1505
York,PA,92019,2258,6022,1089,215,186,48,85,85997,2585
Youngstown,PA,159830,3667,11175,1830,13,21,344,272,148655,3975
Yuba City,CA,39861,1607,2868,798,0,200,0,200,36993,1581
Yuma,CA,51402,1661,3382,906,0,187,102,96,48020,1752
