BEGIN TRANSACTION;
CREATE TABLE "django_session" ("session_key" varchar(40) NOT NULL PRIMARY KEY, "session_data" text NOT NULL, "expire_date" datetime NOT NULL);
INSERT INTO `django_session` VALUES ('k71z3p90f2nh9uxgw7ecw9qvj7jh1pgr','ODdjZWVmNGU5NTIzNjdjYTk3ZWUxZjAwMjIzZGFiYjFmMjFiZjA4MDp7InByZWZlcmVuY2VzX3dlYXRoZXIiOnsiY3NyZm1pZGRsZXdhcmV0b2tlbiI6Ik1McFo5cnllcUVhYk42ODA2U0dYazF2QWRheW16c29wIiwid2VhdGhlci1mb3JtIjoic3VuLDEsdGVtcCwyLHNlYXNvbnMsMSJ9LCJwcmVmZXJlbmNlc19jb21tdW5pdHkiOnsiY3NyZm1pZGRsZXdhcmV0b2tlbiI6Ik1McFo5cnllcUVhYk42ODA2U0dYazF2QWRheW16c29wIiwicHJlZmVyZW5jZXMiOiJ5b3VuZyJ9LCJwcmlvcml0aWVzIjp7ImNzcmZtaWRkbGV3YXJldG9rZW4iOiJNTHBaOXJ5ZXFFYWJONjgwNlNHWGsxdkFkYXltenNvcCIsInByaW9yaXRpZXMiOiJjb3N0LHdlYXRoZXIsd2Fsayxjb21tdW5pdHksdHJhbnNpdCxzYWZlLGJpa2UifSwicHJlZmVyZW5jZXNfY2l0eXNpemUiOnsiY3NyZm1pZGRsZXdhcmV0b2tlbiI6Ik1McFo5cnllcUVhYk42ODA2U0dYazF2QWRheW16c29wIiwicHJlZmVyZW5jZXMiOiJzaXplLDIifX0=','2016-03-23 21:00:08.568082');
INSERT INTO `django_session` VALUES ('h9omyqzw48ablypw4l4thzs5j3w678a2','MjI3MGUyM2U5MjQ5MGJhMzY4NjlkYTI0MjYyNmQ0NDY1YWQ4NzNiNDp7InByZWZlcmVuY2VzX3dlYXRoZXIiOnsiY3NyZm1pZGRsZXdhcmV0b2tlbiI6IldIYWhuaXhjV0ZZUGZ5S3gzcVJUVE90OTB1YjdrUDAxIiwid2VhdGhlci1mb3JtIjoic3VuLDEsdGVtcCwxLHNlYXNvbnMsMSJ9LCJwcmVmZXJlbmNlc19jb21tdW5pdHkiOnsiY3NyZm1pZGRsZXdhcmV0b2tlbiI6IldIYWhuaXhjV0ZZUGZ5S3gzcVJUVE90OTB1YjdrUDAxIiwicHJlZmVyZW5jZXMiOiIifSwicHJpb3JpdGllcyI6eyJjc3JmbWlkZGxld2FyZXRva2VuIjoiV0hhaG5peGNXRllQZnlLeDNxUlRUT3Q5MHViN2tQMDEiLCJwcmlvcml0aWVzIjoiYmlrZSx0cmFuc2l0LHdhbGssc2FmZSJ9LCJwcmVmZXJlbmNlc19jaXR5c2l6ZSI6eyJjc3JmbWlkZGxld2FyZXRva2VuIjoiV0hhaG5peGNXRllQZnlLeDNxUlRUT3Q5MHViN2tQMDEiLCJwcmVmZXJlbmNlcyI6InNpemUsMSJ9fQ==','2016-03-24 14:33:00.658454');
INSERT INTO `django_session` VALUES ('va852dwce98oj6hbwpl4gs8w6f3lv4ul','ZTM4MzRmMDc2NDY3YWMwZWU0Y2YyMTI5ZjJmZWVjODhiYmIxYWJiYzp7InByZWZlcmVuY2VzX3dlYXRoZXIiOnsiY3NyZm1pZGRsZXdhcmV0b2tlbiI6InBMcmZla1BrQkx3Smc2VEZqeTl6Rk5uUkp2SzFkaDlzIiwid2VhdGhlci1mb3JtIjoic3VuLDEsdGVtcCwxLHNlYXNvbnMsMSJ9LCJwcmlvcml0aWVzIjp7ImNzcmZtaWRkbGV3YXJldG9rZW4iOiJwTHJmZWtQa0JMd0pnNlRGank5ekZOblJKdksxZGg5cyIsInByaW9yaXRpZXMiOiJ0cmFuc2l0LHdhbGsifSwicHJlZmVyZW5jZXNfY2l0eXNpemUiOnsiY3NyZm1pZGRsZXdhcmV0b2tlbiI6InBMcmZla1BrQkx3Smc2VEZqeTl6Rk5uUkp2SzFkaDlzIiwicHJlZmVyZW5jZXMiOiJzaXplLDIifX0=','2016-03-24 15:14:03.108051');
INSERT INTO `django_session` VALUES ('57ojue3pqsxaijdna597ly1xmtsxguhf','ODA2OGRkOTQzNDQ4Njg3NzE5OTQ4MzY3YWNiMThkYTRlNDYwYTYzZTp7InByZWZlcmVuY2VzX3dlYXRoZXIiOnsiY3NyZm1pZGRsZXdhcmV0b2tlbiI6IkJCWjlRQjhGVU5ISmtlbEduZHg3RUg4elRnTkxRV0JXIiwid2VhdGhlci1mb3JtIjoic3VuLDEsdGVtcCwxLHNlYXNvbnMsMSJ9LCJwcmVmZXJlbmNlc19jb21tdW5pdHkiOnsiY3NyZm1pZGRsZXdhcmV0b2tlbiI6IkJCWjlRQjhGVU5ISmtlbEduZHg3RUg4elRnTkxRV0JXIiwicHJlZmVyZW5jZXMiOiIifSwicHJpb3JpdGllcyI6eyJjc3JmbWlkZGxld2FyZXRva2VuIjoiQkJaOVFCOEZVTkhKa2VsR25keDdFSDh6VGdOTFFXQlciLCJwcmlvcml0aWVzIjoidHJhbnNpdCJ9LCJwcmVmZXJlbmNlc19jaXR5c2l6ZSI6eyJjc3JmbWlkZGxld2FyZXRva2VuIjoiQkJaOVFCOEZVTkhKa2VsR25keDdFSDh6VGdOTFFXQlciLCJwcmVmZXJlbmNlcyI6InNpemUsMiJ9fQ==','2016-03-24 20:13:55.618969');
INSERT INTO `django_session` VALUES ('c073frs4d9qq6770pvhawc6sju4yt8wk','ZDhhOWUwMTY2NjE4YjIyNWZmYjkzNjk4NmU2NWQ5NGI0MWFiMDEyODp7InByZWZlcmVuY2VzX3dlYXRoZXIiOnsiY3NyZm1pZGRsZXdhcmV0b2tlbiI6IkJCWjlRQjhGVU5ISmtlbEduZHg3RUg4elRnTkxRV0JXIiwid2VhdGhlci1mb3JtIjoic3VuLDEsdGVtcCwwLHNlYXNvbnMsMSJ9LCJwcmVmZXJlbmNlc19jb21tdW5pdHkiOnsiY3NyZm1pZGRsZXdhcmV0b2tlbiI6IkJCWjlRQjhGVU5ISmtlbEduZHg3RUg4elRnTkxRV0JXIiwicHJlZmVyZW5jZXMiOiIifSwicHJpb3JpdGllcyI6eyJjc3JmbWlkZGxld2FyZXRva2VuIjoiQkJaOVFCOEZVTkhKa2VsR25keDdFSDh6VGdOTFFXQlciLCJwcmlvcml0aWVzIjoiYmlrZSx0cmFuc2l0In0sInByZWZlcmVuY2VzX2NpdHlzaXplIjp7ImNzcmZtaWRkbGV3YXJldG9rZW4iOiJCQlo5UUI4RlVOSEprZWxHbmR4N0VIOHpUZ05MUVdCVyIsInByZWZlcmVuY2VzIjoic2l6ZSwwIn19','2016-03-25 17:37:28.609359');
INSERT INTO `django_session` VALUES ('nk4u66jqvddnpfcphcw32n2d2bqopk6k','NjI3MGM5MTgwNTllN2JkMDg2ZmQwZDMzODExNWJlZjllM2UzMjVlODp7InByZWZlcmVuY2VzX3dlYXRoZXIiOnsiY3NyZm1pZGRsZXdhcmV0b2tlbiI6Ik1McFo5cnllcUVhYk42ODA2U0dYazF2QWRheW16c29wIiwid2VhdGhlci1mb3JtIjoic3VuLDEsdGVtcCwxLHNlYXNvbnMsMSJ9LCJwcmVmZXJlbmNlc19jb21tdW5pdHkiOnsiY3NyZm1pZGRsZXdhcmV0b2tlbiI6Ik1McFo5cnllcUVhYk42ODA2U0dYazF2QWRheW16c29wIiwicHJlZmVyZW5jZXMiOiIifSwicHJpb3JpdGllcyI6eyJjc3JmbWlkZGxld2FyZXRva2VuIjoiTUxwWjlyeWVxRWFiTjY4MDZTR1hrMXZBZGF5bXpzb3AiLCJwcmlvcml0aWVzIjoiY29tbXVuaXR5LHRyYW5zaXQsd2FsayJ9LCJwcmVmZXJlbmNlc19jaXR5c2l6ZSI6eyJjc3JmbWlkZGxld2FyZXRva2VuIjoiTUxwWjlyeWVxRWFiTjY4MDZTR1hrMXZBZGF5bXpzb3AiLCJwcmVmZXJlbmNlcyI6InNpemUsMSJ9fQ==','2016-03-29 20:09:54.514225');
INSERT INTO `django_session` VALUES ('ebgia85v3s6bmov3x48a67jdv4hrg6hl','NDE2NzY2NTFhMWZiYzliZGI0ZGRhOTIzMzIyZDJhNWYyNTAzMGEzYTp7InByZWZlcmVuY2VzX3dlYXRoZXIiOnsiY3NyZm1pZGRsZXdhcmV0b2tlbiI6IkJCWjlRQjhGVU5ISmtlbEduZHg3RUg4elRnTkxRV0JXIiwid2VhdGhlci1mb3JtIjoic3VuLDEsdGVtcCwxLHNlYXNvbnMsMiJ9LCJwcmVmZXJlbmNlc19jb21tdW5pdHkiOnsiY3NyZm1pZGRsZXdhcmV0b2tlbiI6IkJCWjlRQjhGVU5ISmtlbEduZHg3RUg4elRnTkxRV0JXIiwicHJlZmVyZW5jZXMiOiJvbGQifSwicHJpb3JpdGllcyI6eyJjc3JmbWlkZGxld2FyZXRva2VuIjoiQkJaOVFCOEZVTkhKa2VsR25keDdFSDh6VGdOTFFXQlciLCJwcmlvcml0aWVzIjoid2FsayJ9LCJwcmVmZXJlbmNlc19jaXR5c2l6ZSI6eyJjc3JmbWlkZGxld2FyZXRva2VuIjoiQkJaOVFCOEZVTkhKa2VsR25keDdFSDh6VGdOTFFXQlciLCJwcmVmZXJlbmNlcyI6InNpemUsMSJ9fQ==','2016-04-13 03:09:30.895959');
CREATE TABLE "django_migrations" ("id" integer NOT NULL PRIMARY KEY AUTOINCREMENT, "app" varchar(255) NOT NULL, "name" varchar(255) NOT NULL, "applied" datetime NOT NULL);
INSERT INTO `django_migrations` VALUES (1,'contenttypes','0001_initial','2016-03-08 23:47:50.402020');
INSERT INTO `django_migrations` VALUES (2,'auth','0001_initial','2016-03-08 23:47:50.433508');
INSERT INTO `django_migrations` VALUES (3,'admin','0001_initial','2016-03-08 23:47:50.482102');
INSERT INTO `django_migrations` VALUES (4,'admin','0002_logentry_remove_auto_add','2016-03-08 23:47:50.501766');
INSERT INTO `django_migrations` VALUES (5,'contenttypes','0002_remove_content_type_name','2016-03-08 23:47:50.549537');
INSERT INTO `django_migrations` VALUES (6,'auth','0002_alter_permission_name_max_length','2016-03-08 23:47:50.578267');
INSERT INTO `django_migrations` VALUES (7,'auth','0003_alter_user_email_max_length','2016-03-08 23:47:50.625037');
INSERT INTO `django_migrations` VALUES (8,'auth','0004_alter_user_username_opts','2016-03-08 23:47:50.643241');
INSERT INTO `django_migrations` VALUES (9,'auth','0005_alter_user_last_login_null','2016-03-08 23:47:50.680260');
INSERT INTO `django_migrations` VALUES (10,'auth','0006_require_contenttypes_0002','2016-03-08 23:47:50.695083');
INSERT INTO `django_migrations` VALUES (11,'auth','0007_alter_validators_add_error_messages','2016-03-08 23:47:50.715875');
INSERT INTO `django_migrations` VALUES (12,'cityfinderapp','0001_initial','2016-03-08 23:47:50.755461');
INSERT INTO `django_migrations` VALUES (13,'cityfinderapp','0002_auto_20160211_0401','2016-03-08 23:47:50.768088');
INSERT INTO `django_migrations` VALUES (14,'cityfinderapp','0003_auto_20160211_0409','2016-03-08 23:47:50.882686');
INSERT INTO `django_migrations` VALUES (15,'cityfinderapp','0004_age','2016-03-08 23:47:50.915369');
INSERT INTO `django_migrations` VALUES (16,'cityfinderapp','0005_auto_20160218_2125','2016-03-08 23:47:51.049768');
INSERT INTO `django_migrations` VALUES (17,'sessions','0001_initial','2016-03-08 23:47:51.078488');
CREATE TABLE "django_content_type" ("id" integer NOT NULL PRIMARY KEY AUTOINCREMENT, "app_label" varchar(100) NOT NULL, "model" varchar(100) NOT NULL);
INSERT INTO `django_content_type` VALUES (1,'admin','logentry');
INSERT INTO `django_content_type` VALUES (2,'auth','permission');
INSERT INTO `django_content_type` VALUES (3,'auth','group');
INSERT INTO `django_content_type` VALUES (4,'auth','user');
INSERT INTO `django_content_type` VALUES (5,'contenttypes','contenttype');
INSERT INTO `django_content_type` VALUES (6,'sessions','session');
INSERT INTO `django_content_type` VALUES (7,'cityfinderapp','city');
INSERT INTO `django_content_type` VALUES (8,'cityfinderapp','walk');
INSERT INTO `django_content_type` VALUES (9,'cityfinderapp','weather');
INSERT INTO `django_content_type` VALUES (10,'cityfinderapp','rent');
INSERT INTO `django_content_type` VALUES (11,'cityfinderapp','crime');
INSERT INTO `django_content_type` VALUES (12,'cityfinderapp','col');
INSERT INTO `django_content_type` VALUES (14,'cityfinderapp','lgbt');
INSERT INTO `django_content_type` VALUES (15,'cityfinderapp','hisp');
INSERT INTO `django_content_type` VALUES (16,'cityfinderapp','age');
CREATE TABLE "django_admin_log" ("id" integer NOT NULL PRIMARY KEY AUTOINCREMENT, "object_id" text NULL, "object_repr" varchar(200) NOT NULL, "action_flag" smallint unsigned NOT NULL, "change_message" text NOT NULL, "content_type_id" integer NULL REFERENCES "django_content_type" ("id"), "user_id" integer NOT NULL REFERENCES "auth_user" ("id"), "action_time" datetime NOT NULL);
CREATE TABLE "cityfinderapp_weather" ("id" integer NOT NULL PRIMARY KEY AUTOINCREMENT, "state" varchar(5) NULL, "avg_temp_jan" real NULL, "avg_temp_april" real NULL, "avg_temp_july" real NULL, "avg_temp_oct" real NULL, "avg_annual_precip_in" real NULL, "avg_annual_precip_in_days" real NULL, "avg_annual_precip_snowfall" real NULL, "city_id" integer NOT NULL REFERENCES "cityfinderapp_city" ("id"));
INSERT INTO `cityfinderapp_weather` VALUES (1,'NM',35.7,55.6,78.5,57.3,9.47,60.0,11.0,32);
INSERT INTO `cityfinderapp_weather` VALUES (2,'AK',15.8,36.3,58.4,34.1,16.08,115.0,70.8,64);
INSERT INTO `cityfinderapp_weather` VALUES (3,'GA',42.7,61.6,80.0,62.8,50.2,115.0,2.1,40);
INSERT INTO `cityfinderapp_weather` VALUES (4,'TX',50.2,68.3,84.2,70.6,33.65,85.0,0.9,14);
INSERT INTO `cityfinderapp_weather` VALUES (5,'MD',32.3,53.2,76.5,55.4,41.94,115.0,21.5,21);
INSERT INTO `cityfinderapp_weather` VALUES (6,'LA',50.1,66.6,81.7,68.1,63.08,110.0,0.2,85);
INSERT INTO `cityfinderapp_weather` VALUES (7,'AL',42.6,61.3,80.2,62.9,53.99,117.0,1.5,98);
INSERT INTO `cityfinderapp_weather` VALUES (8,'ID',30.2,50.6,74.7,52.8,12.19,89.0,20.6,105);
INSERT INTO `cityfinderapp_weather` VALUES (9,'MA',29.3,48.3,73.9,54.1,42.53,127.0,42.8,22);
INSERT INTO `cityfinderapp_weather` VALUES (10,'NY',24.5,45.3,70.8,50.7,40.54,169.0,93.6,70);
INSERT INTO `cityfinderapp_weather` VALUES (11,'NC',41.7,60.9,80.3,61.7,43.51,112.0,5.6,17);
INSERT INTO `cityfinderapp_weather` VALUES (12,'IL',22.0,47.8,73.3,52.1,36.27,125.0,38.0,3);
INSERT INTO `cityfinderapp_weather` VALUES (13,'OH',25.7,47.6,71.9,52.2,38.71,155.0,57.6,45);
INSERT INTO `cityfinderapp_weather` VALUES (14,'OH',28.3,52.0,75.1,54.7,38.52,137.0,28.2,15);
INSERT INTO `cityfinderapp_weather` VALUES (15,'TX',44.1,65.0,85.0,67.2,34.73,79.0,2.6,9);
INSERT INTO `cityfinderapp_weather` VALUES (16,'CO',29.2,47.6,73.4,51.0,15.81,89.0,60.3,26);
INSERT INTO `cityfinderapp_weather` VALUES (17,'IA',20.4,50.6,76.1,52.8,34.72,108.0,33.3,107);
INSERT INTO `cityfinderapp_weather` VALUES (18,'MI',24.5,48.1,73.5,51.9,32.89,135.0,41.3,18);
INSERT INTO `cityfinderapp_weather` VALUES (19,'TX',45.1,64.6,83.3,64.9,9.43,49.0,5.3,19);
INSERT INTO `cityfinderapp_weather` VALUES (20,'HI',73.0,75.6,80.8,80.2,18.29,96.0,0.0,53);
INSERT INTO `cityfinderapp_weather` VALUES (21,'TX',51.8,68.5,83.6,70.4,47.84,105.0,0.4,4);
INSERT INTO `cityfinderapp_weather` VALUES (22,'IN',26.5,52.0,75.4,54.6,40.95,126.0,23.9,12);
INSERT INTO `cityfinderapp_weather` VALUES (23,'FL',53.1,66.6,81.6,69.4,52.34,116.0,NULL,11);
INSERT INTO `cityfinderapp_weather` VALUES (24,'MO',26.9,54.4,78.5,56.8,37.98,104.0,19.9,37);
INSERT INTO `cityfinderapp_weather` VALUES (25,'NV',47.0,66.0,91.2,68.7,4.49,26.0,1.2,30);
INSERT INTO `cityfinderapp_weather` VALUES (26,'KY',32.0,54.6,76.1,56.6,45.91,130.0,16.1,63);
INSERT INTO `cityfinderapp_weather` VALUES (27,'CA',57.0,63.0,73.8,68.6,12.94,31.0,NULL,36);
INSERT INTO `cityfinderapp_weather` VALUES (28,'CA',57.1,60.8,69.3,66.9,13.15,35.0,NULL,2);
INSERT INTO `cityfinderapp_weather` VALUES (29,'KY',33.0,56.4,78.4,58.5,44.54,124.0,16.4,27);
INSERT INTO `cityfinderapp_weather` VALUES (30,'WI',17.3,45.9,71.6,49.3,32.95,120.0,43.8,82);
INSERT INTO `cityfinderapp_weather` VALUES (31,'TN',39.9,62.1,82.5,63.8,54.65,107.0,5.1,20);
INSERT INTO `cityfinderapp_weather` VALUES (32,'FL',68.1,75.7,83.7,78.8,58.53,131.0,NULL,44);
INSERT INTO `cityfinderapp_weather` VALUES (33,'WI',20.7,45.2,72.0,51.4,34.81,125.0,47.0,28);
INSERT INTO `cityfinderapp_weather` VALUES (34,'MN',13.1,46.6,73.2,48.7,29.41,115.0,49.9,48);
INSERT INTO `cityfinderapp_weather` VALUES (35,'AL',46.6,64.3,81.8,65.4,54.77,108.0,0.4,104);
INSERT INTO `cityfinderapp_weather` VALUES (36,'TN',36.8,58.5,79.1,59.9,48.11,119.0,10.1,25);
INSERT INTO `cityfinderapp_weather` VALUES (37,'NJ',31.3,52.3,77.2,56.4,46.25,122.0,28.3,68);
INSERT INTO `cityfinderapp_weather` VALUES (38,'LA',52.6,68.2,82.7,70.0,64.16,114.0,0.2,52);
INSERT INTO `cityfinderapp_weather` VALUES (39,'NY',32.1,52.5,76.5,56.6,49.69,121.0,28.6,1);
INSERT INTO `cityfinderapp_weather` VALUES (40,'VA',40.1,57.4,79.1,61.1,45.74,116.0,7.8,78);
INSERT INTO `cityfinderapp_weather` VALUES (41,'OK',36.7,59.7,82.0,62.0,35.85,83.0,9.5,31);
INSERT INTO `cityfinderapp_weather` VALUES (42,'NE',21.7,51.4,76.7,53.2,30.22,99.0,30.1,42);
INSERT INTO `cityfinderapp_weather` VALUES (43,'PA',32.3,53.1,77.6,57.2,42.05,117.0,20.8,5);
INSERT INTO `cityfinderapp_weather` VALUES (44,'AZ',54.2,70.2,92.8,74.6,8.29,36.0,NULL,6);
INSERT INTO `cityfinderapp_weather` VALUES (45,'PA',27.5,49.9,72.6,52.5,37.85,152.0,43.6,59);
INSERT INTO `cityfinderapp_weather` VALUES (46,'OR',39.9,51.2,68.1,54.3,37.07,153.0,6.5,29);
INSERT INTO `cityfinderapp_weather` VALUES (47,'NC',39.7,59.1,78.8,60.0,43.05,113.0,7.5,43);
INSERT INTO `cityfinderapp_weather` VALUES (48,'NV',33.6,48.6,71.3,52.0,7.48,51.0,24.3,89);
INSERT INTO `cityfinderapp_weather` VALUES (49,'VA',36.4,57.1,77.9,58.3,43.91,114.0,13.8,106);
INSERT INTO `cityfinderapp_weather` VALUES (50,'CA',46.3,58.9,75.4,64.4,17.93,58.0,NULL,35);
INSERT INTO `cityfinderapp_weather` VALUES (51,'TX',50.3,68.6,84.3,70.7,32.92,82.0,0.7,7);
INSERT INTO `cityfinderapp_weather` VALUES (52,'CA',57.8,62.6,70.9,67.6,10.77,41.0,NULL,8);
INSERT INTO `cityfinderapp_weather` VALUES (53,'CA',49.4,56.2,62.8,61.0,20.11,63.0,NULL,13);
INSERT INTO `cityfinderapp_weather` VALUES (54,'WA',40.9,50.2,65.3,52.7,37.07,155.0,11.4,23);
INSERT INTO `cityfinderapp_weather` VALUES (55,'WA',27.3,46.5,68.6,47.2,16.67,112.0,48.6,101);
INSERT INTO `cityfinderapp_weather` VALUES (56,'MO',29.6,56.6,80.2,58.3,38.75,111.0,19.6,58);
INSERT INTO `cityfinderapp_weather` VALUES (57,'FL',61.3,71.5,82.5,75.8,44.77,106.0,NULL,55);
INSERT INTO `cityfinderapp_weather` VALUES (58,'OH',23.9,48.3,73.0,51.8,33.21,134.0,37.1,66);
INSERT INTO `cityfinderapp_weather` VALUES (59,'AZ',51.7,66.0,86.5,70.5,12.17,53.0,1.2,33);
INSERT INTO `cityfinderapp_weather` VALUES (60,'DC',34.9,56.1,79.2,58.8,39.35,113.0,17.1,24);
INSERT INTO `cityfinderapp_weather` VALUES (61,'KS',30.2,55.3,81.0,58.6,30.38,85.0,15.9,49);
CREATE TABLE "cityfinderapp_walk" ("id" integer NOT NULL PRIMARY KEY AUTOINCREMENT, "state" varchar(5) NULL, "walk_score" real NULL, "transit_score" real NULL, "bike_score" real NULL, "population" integer NULL, "city_id" integer NOT NULL REFERENCES "cityfinderapp_city" ("id"));
INSERT INTO `cityfinderapp_walk` VALUES (1,'NY',87.6,84.1,65.1,8175133,1);
INSERT INTO `cityfinderapp_walk` VALUES (2,'CA',63.9,51.3,56.0,3792621,2);
INSERT INTO `cityfinderapp_walk` VALUES (3,'IL',74.8,64.7,70.2,2695598,3);
INSERT INTO `cityfinderapp_walk` VALUES (4,'TX',44.2,36.8,49.3,2099451,4);
INSERT INTO `cityfinderapp_walk` VALUES (5,'PA',76.5,66.8,67.5,1526006,5);
INSERT INTO `cityfinderapp_walk` VALUES (6,'AZ',38.3,32.2,54.3,1445632,6);
INSERT INTO `cityfinderapp_walk` VALUES (7,'TX',33.7,36.3,42.0,1327407,7);
INSERT INTO `cityfinderapp_walk` VALUES (8,'CA',48.5,36.7,45.5,1307402,8);
INSERT INTO `cityfinderapp_walk` VALUES (9,'TX',43.6,39.5,43.7,1197816,9);
INSERT INTO `cityfinderapp_walk` VALUES (10,'CA',48.1,41.0,56.9,945942,10);
INSERT INTO `cityfinderapp_walk` VALUES (11,'FL',25.5,NULL,39.5,821784,11);
INSERT INTO `cityfinderapp_walk` VALUES (12,'IN',28.7,23.7,41.1,820445,12);
INSERT INTO `cityfinderapp_walk` VALUES (13,'CA',83.9,80.4,75.1,805235,13);
INSERT INTO `cityfinderapp_walk` VALUES (14,'TX',35.4,33.5,51.7,790390,14);
INSERT INTO `cityfinderapp_walk` VALUES (15,'OH',40.0,31.0,46.5,787033,15);
INSERT INTO `cityfinderapp_walk` VALUES (16,'TX',31.6,20.1,40.2,741206,16);
INSERT INTO `cityfinderapp_walk` VALUES (17,'NC',24.4,NULL,36.1,731424,17);
INSERT INTO `cityfinderapp_walk` VALUES (18,'MI',52.2,37.9,55.0,713777,18);
INSERT INTO `cityfinderapp_walk` VALUES (19,'TX',38.7,NULL,NULL,649121,19);
INSERT INTO `cityfinderapp_walk` VALUES (20,'TN',33.0,NULL,42.3,646889,20);
INSERT INTO `cityfinderapp_walk` VALUES (21,'MD',66.2,57.8,56.1,620961,21);
INSERT INTO `cityfinderapp_walk` VALUES (22,'MA',79.5,74.4,70.3,617594,22);
INSERT INTO `cityfinderapp_walk` VALUES (23,'WA',70.8,57.0,63.0,608660,23);
INSERT INTO `cityfinderapp_walk` VALUES (24,'DC',74.1,70.6,69.5,601723,24);
INSERT INTO `cityfinderapp_walk` VALUES (25,'TN',26.5,23.1,32.8,601222,25);
INSERT INTO `cityfinderapp_walk` VALUES (26,'CO',55.7,46.9,71.3,600158,26);
INSERT INTO `cityfinderapp_walk` VALUES (27,'KY',31.2,28.5,42.6,597337,27);
INSERT INTO `cityfinderapp_walk` VALUES (28,'WI',59.4,49.1,NULL,594833,28);
INSERT INTO `cityfinderapp_walk` VALUES (29,'OR',62.8,50.8,72.0,583776,29);
INSERT INTO `cityfinderapp_walk` VALUES (30,'NV',38.6,33.4,52.0,583756,30);
INSERT INTO `cityfinderapp_walk` VALUES (31,'OK',31.6,16.0,39.8,579999,31);
INSERT INTO `cityfinderapp_walk` VALUES (32,'NM',39.6,30.2,59.6,545852,32);
INSERT INTO `cityfinderapp_walk` VALUES (33,'AZ',38.9,34.2,67.9,520116,33);
INSERT INTO `cityfinderapp_walk` VALUES (34,'CA',42.1,30.3,55.9,494665,34);
INSERT INTO `cityfinderapp_walk` VALUES (35,'CA',43.4,33.8,68.9,466488,35);
INSERT INTO `cityfinderapp_walk` VALUES (36,'CA',65.8,NULL,66.4,462257,36);
INSERT INTO `cityfinderapp_walk` VALUES (37,'MO',32.1,28.7,40.3,459787,37);
INSERT INTO `cityfinderapp_walk` VALUES (38,'AZ',34.4,25.3,58.5,439041,38);
INSERT INTO `cityfinderapp_walk` VALUES (39,'VA',31.1,19.7,45.9,437994,39);
INSERT INTO `cityfinderapp_walk` VALUES (40,'GA',45.9,44.3,49.9,420003,40);
INSERT INTO `cityfinderapp_walk` VALUES (41,'CO',33.0,17.8,46.4,416427,41);
INSERT INTO `cityfinderapp_walk` VALUES (42,'NE',41.1,NULL,40.8,408958,42);
INSERT INTO `cityfinderapp_walk` VALUES (43,'NC',28.8,22.6,40.6,403892,43);
INSERT INTO `cityfinderapp_walk` VALUES (44,'FL',75.6,59.4,59.7,399457,44);
INSERT INTO `cityfinderapp_walk` VALUES (45,'OH',56.8,47.1,50.8,396815,45);
INSERT INTO `cityfinderapp_walk` VALUES (46,'OK',36.0,22.7,43.6,391906,46);
INSERT INTO `cityfinderapp_walk` VALUES (47,'CA',68.5,55.1,60.9,390724,47);
INSERT INTO `cityfinderapp_walk` VALUES (48,'MN',65.4,57.5,81.3,382578,48);
INSERT INTO `cityfinderapp_walk` VALUES (49,'KS',31.9,NULL,43.5,382368,49);
INSERT INTO `cityfinderapp_walk` VALUES (50,'TX',34.6,NULL,42.9,365438,50);
INSERT INTO `cityfinderapp_walk` VALUES (51,'CA',34.3,29.6,48.1,347483,51);
INSERT INTO `cityfinderapp_walk` VALUES (52,'LA',56.3,NULL,60.1,343829,52);
INSERT INTO `cityfinderapp_walk` VALUES (53,'HI',62.6,55.6,45.2,337256,53);
INSERT INTO `cityfinderapp_walk` VALUES (54,'CA',50.6,35.4,51.9,336265,54);
INSERT INTO `cityfinderapp_walk` VALUES (55,'FL',46.3,30.3,53.2,335709,55);
INSERT INTO `cityfinderapp_walk` VALUES (56,'CO',38.4,35.0,60.8,325078,56);
INSERT INTO `cityfinderapp_walk` VALUES (57,'CA',61.3,46.0,57.1,324528,57);
INSERT INTO `cityfinderapp_walk` VALUES (58,'MO',59.8,45.2,56.9,319294,58);
INSERT INTO `cityfinderapp_walk` VALUES (59,'PA',59.8,54.4,39.9,305704,59);
INSERT INTO `cityfinderapp_walk` VALUES (60,'TX',35.7,29.1,NULL,305215,60);
INSERT INTO `cityfinderapp_walk` VALUES (61,'CA',38.9,31.2,49.9,303871,61);
INSERT INTO `cityfinderapp_walk` VALUES (62,'OH',50.1,43.2,37.0,296943,62);
INSERT INTO `cityfinderapp_walk` VALUES (63,'KY',33.9,25.3,43.7,295803,63);
INSERT INTO `cityfinderapp_walk` VALUES (64,'AK',32.2,22.3,NULL,291826,64);
INSERT INTO `cityfinderapp_walk` VALUES (65,'CA',40.0,28.2,53.9,291707,65);
INSERT INTO `cityfinderapp_walk` VALUES (66,'OH',43.0,NULL,44.7,287208,66);
INSERT INTO `cityfinderapp_walk` VALUES (67,'MN',56.0,47.4,62.1,285068,67);
INSERT INTO `cityfinderapp_walk` VALUES (68,'NJ',77.8,64.9,51.1,277140,68);
INSERT INTO `cityfinderapp_walk` VALUES (69,'NC',28.0,NULL,39.6,269666,69);
INSERT INTO `cityfinderapp_walk` VALUES (70,'NY',64.9,50.4,54.5,261310,70);
INSERT INTO `cityfinderapp_walk` VALUES (71,'TX',36.4,17.4,57.0,259841,71);
INSERT INTO `cityfinderapp_walk` VALUES (72,'NE',40.3,NULL,62.3,258379,72);
INSERT INTO `cityfinderapp_walk` VALUES (73,'NV',27.6,22.1,51.6,257729,73);
INSERT INTO `cityfinderapp_walk` VALUES (74,'IN',28.3,21.7,42.6,253691,74);
INSERT INTO `cityfinderapp_walk` VALUES (75,'NJ',84.4,70.0,66.3,247597,75);
INSERT INTO `cityfinderapp_walk` VALUES (76,'FL',40.5,34.7,56.1,244769,76);
INSERT INTO `cityfinderapp_walk` VALUES (77,'CA',39.7,35.5,45.8,243916,77);
INSERT INTO `cityfinderapp_walk` VALUES (78,'VA',43.5,35.8,NULL,242803,78);
INSERT INTO `cityfinderapp_walk` VALUES (79,'FL',39.3,32.5,53.0,238300,79);
INSERT INTO `cityfinderapp_walk` VALUES (80,'AZ',30.0,18.1,NULL,236123,80);
INSERT INTO `cityfinderapp_walk` VALUES (81,'TX',43.8,NULL,NULL,236091,81);
INSERT INTO `cityfinderapp_walk` VALUES (82,'WI',47.4,38.3,72.6,233209,82);
INSERT INTO `cityfinderapp_walk` VALUES (83,'NC',21.8,NULL,34.3,229617,83);
INSERT INTO `cityfinderapp_walk` VALUES (84,'TX',34.8,21.1,46.7,229573,84);
INSERT INTO `cityfinderapp_walk` VALUES (85,'LA',37.5,NULL,47.0,229493,85);
INSERT INTO `cityfinderapp_walk` VALUES (86,'NC',28.1,27.3,39.2,228330,86);
INSERT INTO `cityfinderapp_walk` VALUES (87,'TX',36.4,28.8,39.1,226876,87);
INSERT INTO `cityfinderapp_walk` VALUES (88,'AZ',33.5,29.2,51.4,226721,88);
INSERT INTO `cityfinderapp_walk` VALUES (89,'NV',36.3,27.7,48.1,225221,89);
INSERT INTO `cityfinderapp_walk` VALUES (90,'FL',65.2,38.0,NULL,224669,90);
INSERT INTO `cityfinderapp_walk` VALUES (91,'NV',45.5,35.1,53.1,223167,91);
INSERT INTO `cityfinderapp_walk` VALUES (92,'VA',20.8,13.0,NULL,222209,92);
INSERT INTO `cityfinderapp_walk` VALUES (93,'AZ',28.9,23.5,NULL,217385,93);
INSERT INTO `cityfinderapp_walk` VALUES (94,'NV',30.2,30.1,42.4,216961,94);
INSERT INTO `cityfinderapp_walk` VALUES (95,'TX',42.0,31.2,NULL,216290,95);
INSERT INTO `cityfinderapp_walk` VALUES (96,'CA',44.5,36.4,61.1,214089,96);
INSERT INTO `cityfinderapp_walk` VALUES (97,'CA',43.9,27.4,69.7,212375,97);
INSERT INTO `cityfinderapp_walk` VALUES (98,'AL',33.0,25.3,28.6,212237,98);
INSERT INTO `cityfinderapp_walk` VALUES (99,'NY',60.9,42.8,58.9,210565,99);
INSERT INTO `cityfinderapp_walk` VALUES (100,'CA',38.9,37.6,39.3,209924,100);
INSERT INTO `cityfinderapp_walk` VALUES (101,'WA',44.9,35.4,48.6,208916,101);
INSERT INTO `cityfinderapp_walk` VALUES (102,'AZ',26.4,14.5,57.5,208453,102);
INSERT INTO `cityfinderapp_walk` VALUES (103,'VA',67.1,58.0,71.0,207627,103);
INSERT INTO `cityfinderapp_walk` VALUES (104,'AL',25.4,NULL,NULL,205764,104);
INSERT INTO `cityfinderapp_walk` VALUES (105,'ID',37.3,NULL,62.9,205671,105);
INSERT INTO `cityfinderapp_walk` VALUES (106,'VA',49.2,NULL,NULL,204214,106);
INSERT INTO `cityfinderapp_walk` VALUES (107,'IA',41.8,NULL,44.9,203433,107);
INSERT INTO `cityfinderapp_walk` VALUES (108,'NC',18.0,NULL,NULL,200564,108);
CREATE TABLE "cityfinderapp_rent" ("id" integer NOT NULL PRIMARY KEY AUTOINCREMENT, "state" varchar(5) NULL, "bed_1_med_price" real NULL, "bed_2_med_price" real NULL, "city_id" integer NOT NULL REFERENCES "cityfinderapp_city" ("id"));
INSERT INTO `cityfinderapp_rent` VALUES (1,'NM',650.0,820.0,32);
INSERT INTO `cityfinderapp_rent` VALUES (2,'AK',930.0,1250.0,64);
INSERT INTO `cityfinderapp_rent` VALUES (3,'GA',1300.0,1500.0,40);
INSERT INTO `cityfinderapp_rent` VALUES (4,'CO',1060.0,1330.0,56);
INSERT INTO `cityfinderapp_rent` VALUES (5,'TX',1100.0,1400.0,14);
INSERT INTO `cityfinderapp_rent` VALUES (6,'CA',600.0,750.0,51);
INSERT INTO `cityfinderapp_rent` VALUES (7,'MD',900.0,1160.0,21);
INSERT INTO `cityfinderapp_rent` VALUES (8,'LA',660.0,900.0,85);
INSERT INTO `cityfinderapp_rent` VALUES (9,'AL',NULL,680.0,98);
INSERT INTO `cityfinderapp_rent` VALUES (10,'ID',680.0,900.0,105);
INSERT INTO `cityfinderapp_rent` VALUES (11,'MA',2150.0,2650.0,22);
INSERT INTO `cityfinderapp_rent` VALUES (12,'NC',NULL,1000.0,17);
INSERT INTO `cityfinderapp_rent` VALUES (13,'VA',NULL,1000.0,92);
INSERT INTO `cityfinderapp_rent` VALUES (14,'IL',1650.0,1800.0,3);
INSERT INTO `cityfinderapp_rent` VALUES (15,'OH',550.0,730.0,62);
INSERT INTO `cityfinderapp_rent` VALUES (16,'OH',540.0,630.0,45);
INSERT INTO `cityfinderapp_rent` VALUES (17,'CO',630.0,930.0,41);
INSERT INTO `cityfinderapp_rent` VALUES (18,'OH',650.0,860.0,15);
INSERT INTO `cityfinderapp_rent` VALUES (19,'TX',700.0,860.0,60);
INSERT INTO `cityfinderapp_rent` VALUES (20,'TX',1310.0,1640.0,9);
INSERT INTO `cityfinderapp_rent` VALUES (21,'CO',1170.0,1600.0,26);
INSERT INTO `cityfinderapp_rent` VALUES (22,'IA',600.0,740.0,107);
INSERT INTO `cityfinderapp_rent` VALUES (23,'MI',530.0,630.0,18);
INSERT INTO `cityfinderapp_rent` VALUES (24,'NC',970.0,1150.0,86);
INSERT INTO `cityfinderapp_rent` VALUES (25,'TX',600.0,750.0,19);
INSERT INTO `cityfinderapp_rent` VALUES (26,'NC',530.0,630.0,108);
INSERT INTO `cityfinderapp_rent` VALUES (27,'IN',480.0,530.0,74);
INSERT INTO `cityfinderapp_rent` VALUES (28,'TX',800.0,920.0,16);
INSERT INTO `cityfinderapp_rent` VALUES (29,'CA',680.0,810.0,34);
INSERT INTO `cityfinderapp_rent` VALUES (30,'NC',580.0,750.0,69);
INSERT INTO `cityfinderapp_rent` VALUES (31,'TX',1150.0,1330.0,4);
INSERT INTO `cityfinderapp_rent` VALUES (32,'IN',580.0,680.0,12);
INSERT INTO `cityfinderapp_rent` VALUES (33,'FL',710.0,800.0,11);
INSERT INTO `cityfinderapp_rent` VALUES (34,'NJ',NULL,1500.0,75);
INSERT INTO `cityfinderapp_rent` VALUES (35,'MO',530.0,640.0,37);
INSERT INTO `cityfinderapp_rent` VALUES (36,'NV',680.0,850.0,30);
INSERT INTO `cityfinderapp_rent` VALUES (37,'KY',600.0,750.0,63);
INSERT INTO `cityfinderapp_rent` VALUES (38,'NE',660.0,760.0,72);
INSERT INTO `cityfinderapp_rent` VALUES (39,'CA',1620.0,2180.0,2);
INSERT INTO `cityfinderapp_rent` VALUES (40,'KY',600.0,740.0,27);
INSERT INTO `cityfinderapp_rent` VALUES (41,'WI',750.0,920.0,82);
INSERT INTO `cityfinderapp_rent` VALUES (42,'TN',520.0,600.0,20);
INSERT INTO `cityfinderapp_rent` VALUES (43,'AZ',730.0,860.0,38);
INSERT INTO `cityfinderapp_rent` VALUES (44,'FL',1900.0,2540.0,44);
INSERT INTO `cityfinderapp_rent` VALUES (45,'WI',NULL,790.0,28);
INSERT INTO `cityfinderapp_rent` VALUES (46,'MN',1170.0,1570.0,48);
INSERT INTO `cityfinderapp_rent` VALUES (47,'AL',520.0,600.0,104);
INSERT INTO `cityfinderapp_rent` VALUES (48,'TN',NULL,1100.0,25);
INSERT INTO `cityfinderapp_rent` VALUES (49,'LA',1200.0,1470.0,52);
INSERT INTO `cityfinderapp_rent` VALUES (50,'NY',2800.0,3400.0,1);
INSERT INTO `cityfinderapp_rent` VALUES (51,'VA',650.0,800.0,78);
INSERT INTO `cityfinderapp_rent` VALUES (52,'OK',550.0,700.0,31);
INSERT INTO `cityfinderapp_rent` VALUES (53,'NE',730.0,910.0,42);
INSERT INTO `cityfinderapp_rent` VALUES (54,'FL',900.0,1010.0,79);
INSERT INTO `cityfinderapp_rent` VALUES (55,'PA',780.0,1050.0,5);
INSERT INTO `cityfinderapp_rent` VALUES (56,'AZ',660.0,830.0,6);
INSERT INTO `cityfinderapp_rent` VALUES (57,'PA',870.0,1160.0,59);
INSERT INTO `cityfinderapp_rent` VALUES (58,'OR',1330.0,1530.0,29);
INSERT INTO `cityfinderapp_rent` VALUES (59,'NC',860.0,990.0,43);
INSERT INTO `cityfinderapp_rent` VALUES (60,'NV',610.0,850.0,89);
INSERT INTO `cityfinderapp_rent` VALUES (61,'VA',NULL,800.0,106);
INSERT INTO `cityfinderapp_rent` VALUES (62,'CA',900.0,1100.0,61);
INSERT INTO `cityfinderapp_rent` VALUES (63,'NY',630.0,690.0,99);
INSERT INTO `cityfinderapp_rent` VALUES (64,'CA',980.0,1250.0,35);
INSERT INTO `cityfinderapp_rent` VALUES (65,'TX',760.0,950.0,7);
INSERT INTO `cityfinderapp_rent` VALUES (66,'CA',730.0,830.0,100);
INSERT INTO `cityfinderapp_rent` VALUES (67,'CA',1450.0,1870.0,8);
INSERT INTO `cityfinderapp_rent` VALUES (68,'CA',3500.0,4610.0,13);
INSERT INTO `cityfinderapp_rent` VALUES (69,'CA',2010.0,2480.0,10);
INSERT INTO `cityfinderapp_rent` VALUES (70,'WA',1630.0,2200.0,23);
INSERT INTO `cityfinderapp_rent` VALUES (71,'WA',580.0,750.0,101);
INSERT INTO `cityfinderapp_rent` VALUES (72,'MO',600.0,800.0,58);
INSERT INTO `cityfinderapp_rent` VALUES (73,'MN',820.0,1050.0,67);
INSERT INTO `cityfinderapp_rent` VALUES (74,'FL',800.0,1180.0,76);
INSERT INTO `cityfinderapp_rent` VALUES (75,'CA',590.0,800.0,65);
INSERT INTO `cityfinderapp_rent` VALUES (76,'FL',940.0,1020.0,55);
INSERT INTO `cityfinderapp_rent` VALUES (77,'OH',440.0,580.0,66);
INSERT INTO `cityfinderapp_rent` VALUES (78,'AZ',510.0,660.0,33);
INSERT INTO `cityfinderapp_rent` VALUES (79,'OK',600.0,730.0,46);
INSERT INTO `cityfinderapp_rent` VALUES (80,'VA',900.0,1100.0,39);
INSERT INTO `cityfinderapp_rent` VALUES (81,'DC',1980.0,2800.0,24);
INSERT INTO `cityfinderapp_rent` VALUES (82,'KS',460.0,600.0,49);
INSERT INTO `cityfinderapp_rent` VALUES (83,'NC',530.0,670.0,83);
CREATE TABLE "cityfinderapp_lgbt" ("id" integer NOT NULL PRIMARY KEY AUTOINCREMENT, "state" varchar(20) NOT NULL, "Total_HH" integer NULL, "THH_MOE" integer NULL, "Total_Unmarried" integer NULL, "TU_MOE" integer NULL, "Male_Male_HH" integer NULL, "MMHH_MOE" integer NULL, "Female_Female_HH" integer NULL, "FFHH_MOE" integer NULL, "All_Other_HH" integer NULL, "AOH_MOE" integer NULL, "city_id" integer NOT NULL REFERENCES "cityfinderapp_city" ("id"));
INSERT INTO `cityfinderapp_lgbt` VALUES (62,'NM',292506,3996,22806,2357,843,380,1246,606,269700,4120,32);
INSERT INTO `cityfinderapp_lgbt` VALUES (63,'AK',90508,2328,8288,1443,307,300,607,383,82220,2227,64);
INSERT INTO `cityfinderapp_lgbt` VALUES (64,'GA',1702537,8794,99245,5136,6064,1251,5937,1551,1603292,9424,40);
INSERT INTO `cityfinderapp_lgbt` VALUES (65,'TX',566338,5831,39189,3377,2262,697,3180,890,527149,6538,14);
INSERT INTO `cityfinderapp_lgbt` VALUES (66,'CA',171077,3677,14455,2074,189,157,371,288,156622,4046,51);
INSERT INTO `cityfinderapp_lgbt` VALUES (67,'MD',848163,5536,57875,4034,1590,669,1948,725,790288,6764,21);
INSERT INTO `cityfinderapp_lgbt` VALUES (68,'LA',227957,4230,15019,2257,121,144,354,276,212938,4702,85);
INSERT INTO `cityfinderapp_lgbt` VALUES (69,'AL',297562,4357,12559,1806,459,251,395,250,285003,4598,98);
INSERT INTO `cityfinderapp_lgbt` VALUES (70,'NY',391844,3570,25713,2500,312,205,328,227,366131,3921,70);
INSERT INTO `cityfinderapp_lgbt` VALUES (71,'NC',515518,4733,29745,3021,1656,596,1286,490,485773,4976,17);
INSERT INTO `cityfinderapp_lgbt` VALUES (72,'IL',3132348,9793,174255,6416,6398,1183,5167,967,2958093,11304,3);
INSERT INTO `cityfinderapp_lgbt` VALUES (73,'OH',648448,5236,43359,3783,1264,511,1623,629,605089,6368,62);
INSERT INTO `cityfinderapp_lgbt` VALUES (74,'OH',735387,5795,42865,2879,1056,521,1842,698,692522,6394,45);
INSERT INTO `cityfinderapp_lgbt` VALUES (75,'CO',222921,3305,13869,1979,229,193,902,426,209052,3572,41);
INSERT INTO `cityfinderapp_lgbt` VALUES (76,'OH',564852,4599,41787,3453,2107,585,1977,511,523065,5285,15);
INSERT INTO `cityfinderapp_lgbt` VALUES (77,'TX',122829,2386,7380,1458,285,220,323,259,115449,2788,60);
INSERT INTO `cityfinderapp_lgbt` VALUES (78,'TX',1953157,9664,114845,5780,4466,867,4553,959,1838312,10487,9);
INSERT INTO `cityfinderapp_lgbt` VALUES (79,'CO',983392,5026,65496,4078,2834,722,3343,838,917896,6146,26);
INSERT INTO `cityfinderapp_lgbt` VALUES (80,'MI',1441378,6554,81571,4368,1757,535,1950,534,1359807,7982,18);
INSERT INTO `cityfinderapp_lgbt` VALUES (81,'NC',147760,3044,8286,1371,340,235,515,287,139474,2910,86);
INSERT INTO `cityfinderapp_lgbt` VALUES (82,'TX',251450,3154,9673,1677,406,344,591,337,241777,3509,19);
INSERT INTO `cityfinderapp_lgbt` VALUES (83,'NC',120360,2342,5891,975,164,168,153,183,114469,2458,108);
INSERT INTO `cityfinderapp_lgbt` VALUES (84,'IN',123430,2378,9561,1383,167,126,242,170,113869,2597,74);
INSERT INTO `cityfinderapp_lgbt` VALUES (85,'CA',218609,3289,18991,2739,464,316,425,284,199618,4150,34);
INSERT INTO `cityfinderapp_lgbt` VALUES (86,'NC',128829,3741,6874,1556,299,258,214,166,121955,3393,69);
INSERT INTO `cityfinderapp_lgbt` VALUES (87,'TX',1845374,9236,104242,5141,4085,1006,5142,1311,1741132,11050,4);
INSERT INTO `cityfinderapp_lgbt` VALUES (88,'IN',588042,5772,41341,3370,2067,710,2109,613,546701,6359,12);
INSERT INTO `cityfinderapp_lgbt` VALUES (89,'FL',416739,5749,24685,2612,488,289,1362,812,392054,6186,11);
INSERT INTO `cityfinderapp_lgbt` VALUES (90,'TX',67340,1095,3751,926,0,211,361,301,63589,1424,81);
INSERT INTO `cityfinderapp_lgbt` VALUES (91,'KY',125624,1962,9491,1601,347,257,368,192,116133,2287,63);
INSERT INTO `cityfinderapp_lgbt` VALUES (92,'NE',108773,1649,7878,1172,139,160,389,290,100895,1965,72);
INSERT INTO `cityfinderapp_lgbt` VALUES (93,'CA',4033754,12845,274860,6338,10831,1540,6880,1117,3758894,13411,2);
INSERT INTO `cityfinderapp_lgbt` VALUES (94,'KY',396561,4512,26751,2320,430,258,989,421,369810,4522,27);
INSERT INTO `cityfinderapp_lgbt` VALUES (95,'TX',96525,1936,5973,1292,254,378,256,216,90552,2468,84);
INSERT INTO `cityfinderapp_lgbt` VALUES (96,'WI',176915,2712,15812,1990,464,293,809,476,161103,3361,82);
INSERT INTO `cityfinderapp_lgbt` VALUES (97,'FL',2029788,9750,130487,6413,6886,1188,3614,836,1899301,11612,44);
INSERT INTO `cityfinderapp_lgbt` VALUES (98,'WI',555836,3517,35040,2801,801,311,1606,478,520796,3984,28);
INSERT INTO `cityfinderapp_lgbt` VALUES (99,'MN',1080039,5502,76852,4675,2735,613,2158,629,1003187,6618,48);
INSERT INTO `cityfinderapp_lgbt` VALUES (100,'AL',98749,2408,4922,1205,45,76,83,99,93827,2591,104);
INSERT INTO `cityfinderapp_lgbt` VALUES (101,'TN',400500,4971,21520,2339,970,329,1184,493,378980,5588,25);
INSERT INTO `cityfinderapp_lgbt` VALUES (102,'LA',366703,4335,23025,2220,1435,594,733,248,343678,4137,52);
INSERT INTO `cityfinderapp_lgbt` VALUES (103,'NY',6726147,15213,347297,9694,17392,2051,10190,1630,6378850,15383,1);
INSERT INTO `cityfinderapp_lgbt` VALUES (104,'OK',346381,4284,21509,2015,459,221,1024,432,324872,4634,31);
INSERT INTO `cityfinderapp_lgbt` VALUES (105,'NE',292902,2861,17526,1921,710,489,314,247,275376,2950,42);
INSERT INTO `cityfinderapp_lgbt` VALUES (106,'FL',574730,8315,40043,3603,2379,713,780,357,534687,8776,79);
INSERT INTO `cityfinderapp_lgbt` VALUES (107,'PA',2039838,9167,117053,5015,4553,832,3992,1106,1922785,9424,5);
INSERT INTO `cityfinderapp_lgbt` VALUES (108,'AZ',1394330,8949,106052,4884,3265,848,3445,837,1288278,9560,6);
INSERT INTO `cityfinderapp_lgbt` VALUES (109,'PA',745895,5244,42890,2707,816,331,1226,432,703005,5161,59);
INSERT INTO `cityfinderapp_lgbt` VALUES (110,'OR',756080,4801,62758,3829,2179,637,2908,818,693322,5927,29);
INSERT INTO `cityfinderapp_lgbt` VALUES (111,'NC',366328,3979,19817,2760,618,356,754,401,346511,4124,43);
INSERT INTO `cityfinderapp_lgbt` VALUES (112,'NV',155378,2304,11944,1713,297,177,563,311,143434,2674,89);
INSERT INTO `cityfinderapp_lgbt` VALUES (113,'VA',380398,4229,21043,2331,835,506,938,454,359355,4528,106);
INSERT INTO `cityfinderapp_lgbt` VALUES (114,'CA',552613,6008,39085,3859,436,245,1338,783,513528,7189,61);
INSERT INTO `cityfinderapp_lgbt` VALUES (115,'NY',292869,3788,20949,2257,841,399,463,252,271920,4067,99);
INSERT INTO `cityfinderapp_lgbt` VALUES (116,'CA',641175,5557,42777,3646,1423,563,2098,783,598398,5947,35);
INSERT INTO `cityfinderapp_lgbt` VALUES (117,'MO',856977,6539,47123,3581,1654,560,2031,818,809854,7361,58);
INSERT INTO `cityfinderapp_lgbt` VALUES (118,'TX',644848,5108,37958,3414,1048,434,2046,775,606890,5807,7);
INSERT INTO `cityfinderapp_lgbt` VALUES (119,'CA',1057919,6662,68979,4633,2949,959,1902,484,988940,7255,8);
INSERT INTO `cityfinderapp_lgbt` VALUES (120,'CA',1271789,6512,86174,4560,7455,1289,3744,895,1185615,7527,13);
INSERT INTO `cityfinderapp_lgbt` VALUES (121,'CA',581256,3501,32048,2917,1374,425,798,354,549208,4211,10);
INSERT INTO `cityfinderapp_lgbt` VALUES (122,'WA',1262581,6857,88369,4740,4028,1010,3070,820,1174212,7474,23);
INSERT INTO `cityfinderapp_lgbt` VALUES (123,'WA',156761,2338,11684,1672,79,133,231,157,145077,2776,101);
INSERT INTO `cityfinderapp_lgbt` VALUES (124,'CA',118058,2925,12358,1432,72,91,233,222,105700,3055,65);
INSERT INTO `cityfinderapp_lgbt` VALUES (125,'FL',1014675,7109,75026,4707,4274,856,4246,973,939649,7713,55);
INSERT INTO `cityfinderapp_lgbt` VALUES (126,'AZ',335235,4854,23826,2802,1066,454,1251,513,311409,4691,33);
INSERT INTO `cityfinderapp_lgbt` VALUES (127,'OK',268461,2209,15821,1356,294,198,625,319,252640,2719,46);
INSERT INTO `cityfinderapp_lgbt` VALUES (128,'HI',265306,2986,16600,2245,933,367,788,465,248706,3258,53);
INSERT INTO `cityfinderapp_lgbt` VALUES (129,'VA',544728,4265,27357,2294,560,299,1528,647,517371,4616,39);
INSERT INTO `cityfinderapp_lgbt` VALUES (130,'DC',1759593,7576,91800,5445,5422,898,2980,809,1667793,8980,24);
INSERT INTO `cityfinderapp_lgbt` VALUES (131,'KS',181455,3170,10212,1468,55,90,338,203,171243,3197,49);
INSERT INTO `cityfinderapp_lgbt` VALUES (132,'NC',160512,2726,7376,1317,337,204,195,161,153136,2979,83);
CREATE TABLE "cityfinderapp_hisp" ("id" integer NOT NULL PRIMARY KEY AUTOINCREMENT, "state" varchar(20) NOT NULL, "hisp_count" integer NULL, "hisp_MOE" integer NULL, "city_id" integer NOT NULL REFERENCES "cityfinderapp_city" ("id"));
INSERT INTO `cityfinderapp_hisp` VALUES (1,'NM',320980,1411,32);
INSERT INTO `cityfinderapp_hisp` VALUES (2,'AK',18695,485,64);
INSERT INTO `cityfinderapp_hisp` VALUES (3,'GA',442226,2877,40);
INSERT INTO `cityfinderapp_hisp` VALUES (4,'TX',325103,2642,14);
INSERT INTO `cityfinderapp_hisp` VALUES (5,'CA',224387,2789,51);
INSERT INTO `cityfinderapp_hisp` VALUES (6,'MD',101475,1653,21);
INSERT INTO `cityfinderapp_hisp` VALUES (7,'LA',18660,777,85);
INSERT INTO `cityfinderapp_hisp` VALUES (8,'AL',27669,815,98);
INSERT INTO `cityfinderapp_hisp` VALUES (9,'ID',19850,917,105);
INSERT INTO `cityfinderapp_hisp` VALUES (10,'NY',39418,587,70);
INSERT INTO `cityfinderapp_hisp` VALUES (11,'IL',1752087,2646,3);
INSERT INTO `cityfinderapp_hisp` VALUES (12,'OH',68628,668,45);
INSERT INTO `cityfinderapp_hisp` VALUES (13,'CO',74838,1346,41);
INSERT INTO `cityfinderapp_hisp` VALUES (14,'OH',50484,485,15);
INSERT INTO `cityfinderapp_hisp` VALUES (15,'TX',180130,1416,60);
INSERT INTO `cityfinderapp_hisp` VALUES (16,'TX',1368177,3218,9);
INSERT INTO `cityfinderapp_hisp` VALUES (17,'IA',28594,491,107);
INSERT INTO `cityfinderapp_hisp` VALUES (18,'MI',146503,902,18);
INSERT INTO `cityfinderapp_hisp` VALUES (19,'NC',36823,682,86);
INSERT INTO `cityfinderapp_hisp` VALUES (20,'TX',585270,3028,19);
INSERT INTO `cityfinderapp_hisp` VALUES (21,'NC',27372,682,108);
INSERT INTO `cityfinderapp_hisp` VALUES (22,'IN',20347,435,74);
INSERT INTO `cityfinderapp_hisp` VALUES (23,'CA',262129,2579,34);
INSERT INTO `cityfinderapp_hisp` VALUES (24,'NC',20271,1014,69);
INSERT INTO `cityfinderapp_hisp` VALUES (25,'HI',57966,1187,53);
INSERT INTO `cityfinderapp_hisp` VALUES (26,'TX',1646898,3695,4);
INSERT INTO `cityfinderapp_hisp` VALUES (27,'IN',84408,811,12);
INSERT INTO `cityfinderapp_hisp` VALUES (28,'FL',66962,1048,11);
INSERT INTO `cityfinderapp_hisp` VALUES (29,'MO',134211,1126,37);
INSERT INTO `cityfinderapp_hisp` VALUES (30,'TX',198808,1223,81);
INSERT INTO `cityfinderapp_hisp` VALUES (31,'NV',470227,2616,30);
INSERT INTO `cityfinderapp_hisp` VALUES (32,'KY',16142,533,63);
INSERT INTO `cityfinderapp_hisp` VALUES (33,'NE',14322,308,72);
INSERT INTO `cityfinderapp_hisp` VALUES (34,'CA',5521782,6995,2);
INSERT INTO `cityfinderapp_hisp` VALUES (35,'KY',34639,512,27);
INSERT INTO `cityfinderapp_hisp` VALUES (36,'TX',67206,1279,84);
INSERT INTO `cityfinderapp_hisp` VALUES (37,'WI',22420,677,82);
INSERT INTO `cityfinderapp_hisp` VALUES (38,'TN',50981,700,20);
INSERT INTO `cityfinderapp_hisp` VALUES (39,'FL',2141432,2815,44);
INSERT INTO `cityfinderapp_hisp` VALUES (40,'WI',131966,440,28);
INSERT INTO `cityfinderapp_hisp` VALUES (41,'MN',147432,1039,48);
INSERT INTO `cityfinderapp_hisp` VALUES (42,'AL',6162,367,104);
INSERT INTO `cityfinderapp_hisp` VALUES (43,'TN',65440,931,25);
INSERT INTO `cityfinderapp_hisp` VALUES (44,'LA',66398,422,52);
INSERT INTO `cityfinderapp_hisp` VALUES (45,'NY',4096903,2617,1);
INSERT INTO `cityfinderapp_hisp` VALUES (46,'OK',107067,1104,31);
INSERT INTO `cityfinderapp_hisp` VALUES (47,'NE',66349,379,42);
INSERT INTO `cityfinderapp_hisp` VALUES (48,'FL',282058,2842,79);
INSERT INTO `cityfinderapp_hisp` VALUES (49,'PA',403041,1912,5);
INSERT INTO `cityfinderapp_hisp` VALUES (50,'AZ',915103,4268,6);
INSERT INTO `cityfinderapp_hisp` VALUES (51,'PA',22262,447,59);
INSERT INTO `cityfinderapp_hisp` VALUES (52,'OR',192360,1769,29);
INSERT INTO `cityfinderapp_hisp` VALUES (53,'NC',62512,1674,43);
INSERT INTO `cityfinderapp_hisp` VALUES (54,'NV',77882,1408,89);
INSERT INTO `cityfinderapp_hisp` VALUES (55,'VA',49265,629,106);
INSERT INTO `cityfinderapp_hisp` VALUES (56,'NY',49103,437,99);
INSERT INTO `cityfinderapp_hisp` VALUES (57,'CA',293862,2448,35);
INSERT INTO `cityfinderapp_hisp` VALUES (58,'MO',56168,648,58);
INSERT INTO `cityfinderapp_hisp` VALUES (59,'TX',860419,3059,7);
INSERT INTO `cityfinderapp_hisp` VALUES (60,'CA',873505,2994,8);
INSERT INTO `cityfinderapp_hisp` VALUES (61,'CA',686070,2501,13);
INSERT INTO `cityfinderapp_hisp` VALUES (62,'CA',403971,2694,10);
INSERT INTO `cityfinderapp_hisp` VALUES (63,'WA',256967,1772,23);
INSERT INTO `cityfinderapp_hisp` VALUES (64,'WA',16012,533,101);
INSERT INTO `cityfinderapp_hisp` VALUES (65,'CA',147034,2693,65);
INSERT INTO `cityfinderapp_hisp` VALUES (66,'FL',345545,2723,55);
INSERT INTO `cityfinderapp_hisp` VALUES (67,'OH',27119,565,66);
INSERT INTO `cityfinderapp_hisp` VALUES (68,'AZ',276706,1964,33);
INSERT INTO `cityfinderapp_hisp` VALUES (69,'OK',58681,982,46);
INSERT INTO `cityfinderapp_hisp` VALUES (70,'VA',77963,615,39);
INSERT INTO `cityfinderapp_hisp` VALUES (71,'DC',631811,2257,24);
INSERT INTO `cityfinderapp_hisp` VALUES (72,'KS',55933,801,49);
INSERT INTO `cityfinderapp_hisp` VALUES (73,'NC',35844,903,83);
CREATE TABLE "cityfinderapp_crime" ("id" integer NOT NULL PRIMARY KEY AUTOINCREMENT, "state" varchar(5) NULL, "population" integer NULL, "violent_crime" integer NULL, "murder" integer NULL, "rape" integer NULL, "robbery" integer NULL, "aggrev_assault" integer NULL, "property_crime" integer NULL, "bulglary" integer NULL, "larceny_theft" integer NULL, "car_theft" integer NULL, "arson" integer NULL, "city_id" integer NOT NULL REFERENCES "cityfinderapp_city" ("id"));
INSERT INTO `cityfinderapp_crime` VALUES (99,'AL',212115,1619,23,83,454,1059,6596,1716,4169,711,76,98);
INSERT INTO `cityfinderapp_crime` VALUES (100,'AL',200194,504,14,21,218,251,4142,1153,2689,300,NULL,104);
INSERT INTO `cityfinderapp_crime` VALUES (101,'AK',301306,1209,6,193,247,763,5515,629,4474,412,33,64);
INSERT INTO `cityfinderapp_crime` VALUES (102,'AZ',252369,228,1,24,55,148,2941,518,2315,108,49,80);
INSERT INTO `cityfinderapp_crime` VALUES (103,'AZ',235430,113,0,9,31,73,1670,239,1368,63,10,102);
INSERT INTO `cityfinderapp_crime` VALUES (104,'AZ',236780,431,8,59,170,194,6055,969,4584,502,23,88);
INSERT INTO `cityfinderapp_crime` VALUES (105,'AZ',1529852,4234,50,486,1407,2291,28145,6928,17672,3545,173,6);
INSERT INTO `cityfinderapp_crime` VALUES (106,'AZ',229325,173,0,38,39,96,2629,449,2076,104,5,93);
INSERT INTO `cityfinderapp_crime` VALUES (107,'CA',227575,115,1,NULL,51,56,2093,401,1389,303,9,96);
INSERT INTO `cityfinderapp_crime` VALUES (108,'CA',242971,54,0,NULL,17,28,1495,266,1167,62,4,97);
INSERT INTO `cityfinderapp_crime` VALUES (109,'CA',214588,1058,26,NULL,400,585,4559,1133,2186,1240,67,100);
INSERT INTO `cityfinderapp_crime` VALUES (110,'HI',994034,NULL,NULL,NULL,NULL,NULL,NULL,NULL,NULL,NULL,NULL,53);
INSERT INTO `cityfinderapp_crime` VALUES (111,'ID',216260,332,2,65,32,233,2078,349,1646,83,19,105);
INSERT INTO `cityfinderapp_crime` VALUES (112,'IL',2724121,10888,175,654,4400,5659,39749,6649,28326,4774,223,3);
INSERT INTO `cityfinderapp_crime` VALUES (113,'IA',208250,584,3,51,124,406,3879,821,2658,400,12,107);
INSERT INTO `cityfinderapp_crime` VALUES (114,'KY',311848,514,11,73,258,172,5757,1181,4123,453,24,63);
INSERT INTO `cityfinderapp_crime` VALUES (115,'LA',229387,1078,27,34,426,591,5045,1380,3406,259,78,85);
INSERT INTO `cityfinderapp_crime` VALUES (116,'MD',623513,3989,99,NULL,1641,2120,14003,3215,8511,2277,102,21);
INSERT INTO `cityfinderapp_crime` VALUES (117,'NE',271208,445,4,NULL,99,266,4212,628,3442,142,33,72);
INSERT INTO `cityfinderapp_crime` VALUES (118,'NV',274121,198,1,33,69,95,2725,692,1788,245,11,73);
INSERT INTO `cityfinderapp_crime` VALUES (119,'NV',229436,877,4,40,223,610,2795,1019,1335,441,10,94);
INSERT INTO `cityfinderapp_crime` VALUES (120,'NV',235055,530,3,60,141,326,3144,626,2180,338,7,89);
INSERT INTO `cityfinderapp_crime` VALUES (121,'NJ',260005,621,13,NULL,272,320,1983,441,1266,276,20,75);
INSERT INTO `cityfinderapp_crime` VALUES (122,'NJ',279110,1355,43,NULL,891,400,3743,828,1824,1091,21,68);
INSERT INTO `cityfinderapp_crime` VALUES (123,'NM',558874,2367,12,NULL,619,1539,15064,3095,10248,1721,46,32);
INSERT INTO `cityfinderapp_crime` VALUES (124,'NY',258419,1507,19,76,605,807,5876,1435,3941,500,NULL,70);
INSERT INTO `cityfinderapp_crime` VALUES (125,'NY',8473938,24191,146,1075,7691,15279,63155,7433,52230,3492,NULL,1);
INSERT INTO `cityfinderapp_crime` VALUES (126,'NY',210347,776,19,93,286,378,3874,826,2746,302,50,99);
INSERT INTO `cityfinderapp_crime` VALUES (127,'NC',249738,923,9,NULL,299,581,5187,1729,3162,296,9,86);
INSERT INTO `cityfinderapp_crime` VALUES (128,'NC',282203,619,6,NULL,209,376,5016,1260,3523,233,61,69);
INSERT INTO `cityfinderapp_crime` VALUES (129,'TX',2219933,10401,100,NULL,4717,5168,52686,10826,34814,7046,341,4);
INSERT INTO `cityfinderapp_crime` VALUES (130,'TX',231708,271,2,NULL,81,169,3142,562,2297,283,13,95);
INSERT INTO `cityfinderapp_crime` VALUES (131,'TX',250994,518,9,NULL,95,374,5079,668,4260,151,51,81);
INSERT INTO `cityfinderapp_crime` VALUES (132,'TX',241826,930,5,NULL,132,737,5084,1059,3648,377,28,84);
INSERT INTO `cityfinderapp_crime` VALUES (133,'TX',277822,249,2,47,81,119,2674,345,2184,145,13,71);
INSERT INTO `cityfinderapp_crime` VALUES (134,'VA',216747,604,23,12,264,305,4003,840,2830,333,26,106);
INSERT INTO `cityfinderapp_crime` VALUES (135,'WA',211025,582,5,NULL,229,296,9004,1625,6259,1120,28,101);
INSERT INTO `cityfinderapp_crime` VALUES (136,'WI',245788,400,3,42,101,254,3135,448,2572,115,4,82);
INSERT INTO `cityfinderapp_crime` VALUES (137,'WI',600374,3957,36,192,1551,2178,12303,2416,6966,2921,110,28);
CREATE TABLE "cityfinderapp_col" ("id" integer NOT NULL PRIMARY KEY AUTOINCREMENT, "state" varchar(5) NULL, "total_index" real NULL, "grocery" real NULL, "housing" real NULL, "utilities" real NULL, "transport" real NULL, "health" real NULL, "misc" real NULL, "city_id" integer NOT NULL REFERENCES "cityfinderapp_city" ("id"));
INSERT INTO `cityfinderapp_col` VALUES (1,'AK',128.4,134.5,142.9,94.1,122.0,135.7,124.8,64);
INSERT INTO `cityfinderapp_col` VALUES (2,'TX',99.3,94.4,89.4,109.9,98.3,105.4,106.4,50);
INSERT INTO `cityfinderapp_col` VALUES (3,'GA',95.6,96.2,90.7,86.3,99.3,103.3,100.3,40);
INSERT INTO `cityfinderapp_col` VALUES (4,'TX',95.5,89.3,85.1,110.7,100.2,100.3,100.4,14);
INSERT INTO `cityfinderapp_col` VALUES (5,'CA',103.4,107.6,98.4,104.3,111.3,107.2,103.1,51);
INSERT INTO `cityfinderapp_col` VALUES (6,'MD',119.4,110.8,155.4,112.5,105.3,97.9,100.0,21);
INSERT INTO `cityfinderapp_col` VALUES (7,'LA',96.1,100.4,102.2,78.2,90.4,97.7,95.8,85);
INSERT INTO `cityfinderapp_col` VALUES (8,'AL',90.8,93.5,73.2,105.7,93.5,87.9,100.3,98);
INSERT INTO `cityfinderapp_col` VALUES (9,'ID',97.2,98.5,84.0,99.6,108.0,106.6,103.3,105);
INSERT INTO `cityfinderapp_col` VALUES (10,'MA',132.5,116.7,152.7,138.6,104.5,123.5,128.6,22);
INSERT INTO `cityfinderapp_col` VALUES (11,'NY',95.8,91.8,97.4,115.6,104.8,92.0,87.6,70);
INSERT INTO `cityfinderapp_col` VALUES (12,'NC',93.2,97.1,79.5,91.2,95.7,110.3,101.4,17);
INSERT INTO `cityfinderapp_col` VALUES (13,'IL',116.9,111.2,134.8,117.3,116.5,108.5,104.4,3);
INSERT INTO `cityfinderapp_col` VALUES (14,'OH',93.8,96.4,81.9,103.8,98.0,95.8,98.7,62);
INSERT INTO `cityfinderapp_col` VALUES (15,'OH',101.0,108.1,93.3,109.0,101.4,104.3,102.1,45);
INSERT INTO `cityfinderapp_col` VALUES (16,'CO',92.8,95.4,92.0,86.8,96.2,102.3,92.1,41);
INSERT INTO `cityfinderapp_col` VALUES (17,'OH',92.0,91.6,86.2,100.2,99.1,107.7,90.6,15);
INSERT INTO `cityfinderapp_col` VALUES (18,'TX',90.8,82.4,79.6,113.5,93.3,92.8,96.0,60);
INSERT INTO `cityfinderapp_col` VALUES (19,'TX',91.9,96.2,70.7,105.5,100.9,103.8,100.4,9);
INSERT INTO `cityfinderapp_col` VALUES (20,'CO',103.2,101.0,107.5,101.9,95.4,105.9,102.7,26);
INSERT INTO `cityfinderapp_col` VALUES (21,'IA',90.9,90.9,89.6,90.2,95.9,90.8,90.9,107);
INSERT INTO `cityfinderapp_col` VALUES (22,'MI',99.4,92.7,95.2,129.5,101.3,94.2,96.6,18);
INSERT INTO `cityfinderapp_col` VALUES (23,'NC',96.6,97.9,86.8,96.3,105.5,108.5,100.6,86);
INSERT INTO `cityfinderapp_col` VALUES (24,'TX',90.4,99.9,86.0,88.1,97.0,95.4,88.5,19);
INSERT INTO `cityfinderapp_col` VALUES (25,'NC',95.2,105.1,82.5,92.8,96.0,117.9,100.1,108);
INSERT INTO `cityfinderapp_col` VALUES (26,'TX',91.1,89.8,78.0,106.2,97.6,93.8,96.1,16);
INSERT INTO `cityfinderapp_col` VALUES (27,'CA',117.3,115.8,131.2,123.6,114.5,106.8,105.9,34);
INSERT INTO `cityfinderapp_col` VALUES (28,'HI',165.7,160.1,249.0,146.6,126.2,120.0,117.9,53);
INSERT INTO `cityfinderapp_col` VALUES (29,'TX',92.2,85.1,82.0,97.7,99.2,94.6,99.9,4);
INSERT INTO `cityfinderapp_col` VALUES (30,'IN',87.2,91.4,73.4,86.7,100.5,93.6,93.1,12);
INSERT INTO `cityfinderapp_col` VALUES (31,'FL',92.9,102.8,80.0,91.9,103.6,94.5,97.3,11);
INSERT INTO `cityfinderapp_col` VALUES (32,'NV',101.9,106.8,94.1,97.7,104.9,109.0,106.2,30);
INSERT INTO `cityfinderapp_col` VALUES (33,'KY',92.8,86.9,88.7,93.9,97.6,93.7,97.1,63);
INSERT INTO `cityfinderapp_col` VALUES (34,'KY',87.7,81.6,78.7,99.1,96.9,87.2,91.9,27);
INSERT INTO `cityfinderapp_col` VALUES (35,'TX',89.1,90.0,80.4,74.8,97.6,98.3,97.1,84);
INSERT INTO `cityfinderapp_col` VALUES (36,'TN',88.2,92.7,76.2,86.9,91.5,98.6,95.2,20);
INSERT INTO `cityfinderapp_col` VALUES (37,'FL',106.0,110.9,107.7,91.9,108.8,105.7,106.2,44);
INSERT INTO `cityfinderapp_col` VALUES (38,'MN',111.0,111.6,116.8,104.7,103.7,105.4,110.4,48);
INSERT INTO `cityfinderapp_col` VALUES (39,'AL',99.2,102.9,96.0,108.4,99.6,88.0,99.1,104);
INSERT INTO `cityfinderapp_col` VALUES (40,'TN',88.9,91.7,71.3,82.6,92.5,87.3,104.5,25);
INSERT INTO `cityfinderapp_col` VALUES (41,'NY',216.7,154.3,386.7,169.6,120.3,130.2,145.7,1);
INSERT INTO `cityfinderapp_col` VALUES (42,'NJ',129.7,111.6,168.5,129.2,103.9,103.1,113.9,68);
INSERT INTO `cityfinderapp_col` VALUES (43,'CA',139.1,116.8,198.8,94.7,113.6,119.9,119.0,47);
INSERT INTO `cityfinderapp_col` VALUES (44,'OK',91.7,92.9,86.0,88.1,92.6,99.4,96.2,31);
INSERT INTO `cityfinderapp_col` VALUES (45,'NE',88.3,92.0,79.3,89.9,100.0,96.8,89.7,42);
INSERT INTO `cityfinderapp_col` VALUES (46,'FL',97.8,97.8,85.4,108.5,101.8,95.5,104.5,79);
INSERT INTO `cityfinderapp_col` VALUES (47,'PA',126.5,124.9,141.3,135.9,105.8,108.2,119.6,5);
INSERT INTO `cityfinderapp_col` VALUES (48,'AZ',100.7,108.1,90.4,96.6,108.9,108.8,104.6,6);
INSERT INTO `cityfinderapp_col` VALUES (49,'PA',91.5,104.1,74.4,97.0,105.9,90.1,95.8,59);
INSERT INTO `cityfinderapp_col` VALUES (50,'TX',97.4,101.3,85.2,103.9,101.8,102.9,102.6,71);
INSERT INTO `cityfinderapp_col` VALUES (51,'OR',111.3,105.8,130.8,87.1,105.8,113.6,105.1,29);
INSERT INTO `cityfinderapp_col` VALUES (52,'NC',98.2,104.2,88.8,105.6,96.7,101.0,101.9,43);
INSERT INTO `cityfinderapp_col` VALUES (53,'VA',104.5,103.6,103.2,113.9,100.8,112.6,103.2,106);
INSERT INTO `cityfinderapp_col` VALUES (54,'NY',100.0,94.6,94.2,114.4,108.7,99.7,100.2,99);
INSERT INTO `cityfinderapp_col` VALUES (55,'CA',116.2,114.7,135.7,109.6,114.4,110.8,102.8,35);
INSERT INTO `cityfinderapp_col` VALUES (56,'TX',95.7,84.9,95.3,82.8,100.7,99.9,102.2,7);
INSERT INTO `cityfinderapp_col` VALUES (57,'CA',132.3,105.5,194.4,101.9,113.1,111.5,105.8,8);
INSERT INTO `cityfinderapp_col` VALUES (58,'CA',164.0,111.9,281.0,94.5,113.0,117.0,124.3,13);
INSERT INTO `cityfinderapp_col` VALUES (59,'CA',156.1,115.3,260.3,137.2,114.0,119.0,103.6,10);
INSERT INTO `cityfinderapp_col` VALUES (60,'WA',121.4,115.1,140.3,85.7,118.8,119.9,119.1,23);
INSERT INTO `cityfinderapp_col` VALUES (61,'WA',93.9,92.4,85.7,89.5,109.1,110.0,96.5,101);
INSERT INTO `cityfinderapp_col` VALUES (62,'MN',110.0,107.0,112.9,106.8,103.4,106.7,112.2,67);
INSERT INTO `cityfinderapp_col` VALUES (63,'FL',92.4,96.3,84.7,93.8,103.3,98.4,93.4,55);
INSERT INTO `cityfinderapp_col` VALUES (64,'AZ',96.5,97.2,91.9,86.7,104.6,99.2,100.5,33);
INSERT INTO `cityfinderapp_col` VALUES (65,'OK',88.4,91.9,66.5,95.2,99.1,94.6,100.5,46);
INSERT INTO `cityfinderapp_col` VALUES (66,'KS',91.8,90.5,83.6,89.7,100.6,96.7,97.1,49);
INSERT INTO `cityfinderapp_col` VALUES (67,'NC',92.4,98.5,82.9,88.5,83.3,99.3,101.5,83);
CREATE TABLE "cityfinderapp_city" ("id" integer NOT NULL PRIMARY KEY AUTOINCREMENT, "city" varchar(20) NOT NULL, "state" varchar(5) NULL);
INSERT INTO `cityfinderapp_city` VALUES (1,'New York','NY');
INSERT INTO `cityfinderapp_city` VALUES (2,'Los Angeles','CA');
INSERT INTO `cityfinderapp_city` VALUES (3,'Chicago','IL');
INSERT INTO `cityfinderapp_city` VALUES (4,'Houston','TX');
INSERT INTO `cityfinderapp_city` VALUES (5,'Philadelphia','PA');
INSERT INTO `cityfinderapp_city` VALUES (6,'Phoenix','AZ');
INSERT INTO `cityfinderapp_city` VALUES (7,'San Antonio','TX');
INSERT INTO `cityfinderapp_city` VALUES (8,'San Diego','CA');
INSERT INTO `cityfinderapp_city` VALUES (9,'Dallas','TX');
INSERT INTO `cityfinderapp_city` VALUES (10,'San Jose','CA');
INSERT INTO `cityfinderapp_city` VALUES (11,'Jacksonville','FL');
INSERT INTO `cityfinderapp_city` VALUES (12,'Indianapolis','IN');
INSERT INTO `cityfinderapp_city` VALUES (13,'San Francisco','CA');
INSERT INTO `cityfinderapp_city` VALUES (14,'Austin','TX');
INSERT INTO `cityfinderapp_city` VALUES (15,'Columbus','OH');
INSERT INTO `cityfinderapp_city` VALUES (16,'Fort Worth','TX');
INSERT INTO `cityfinderapp_city` VALUES (17,'Charlotte','NC');
INSERT INTO `cityfinderapp_city` VALUES (18,'Detroit','MI');
INSERT INTO `cityfinderapp_city` VALUES (19,'El Paso','TX');
INSERT INTO `cityfinderapp_city` VALUES (20,'Memphis','TN');
INSERT INTO `cityfinderapp_city` VALUES (21,'Baltimore','MD');
INSERT INTO `cityfinderapp_city` VALUES (22,'Boston','MA');
INSERT INTO `cityfinderapp_city` VALUES (23,'Seattle','WA');
INSERT INTO `cityfinderapp_city` VALUES (24,'Washington D.C.','DC');
INSERT INTO `cityfinderapp_city` VALUES (25,'Nashville-Davidson','TN');
INSERT INTO `cityfinderapp_city` VALUES (26,'Denver','CO');
INSERT INTO `cityfinderapp_city` VALUES (27,'Louisville-Jefferson','KY');
INSERT INTO `cityfinderapp_city` VALUES (28,'Milwaukee','WI');
INSERT INTO `cityfinderapp_city` VALUES (29,'Portland','OR');
INSERT INTO `cityfinderapp_city` VALUES (30,'Las Vegas','NV');
INSERT INTO `cityfinderapp_city` VALUES (31,'Oklahoma City','OK');
INSERT INTO `cityfinderapp_city` VALUES (32,'Albuquerque','NM');
INSERT INTO `cityfinderapp_city` VALUES (33,'Tucson','AZ');
INSERT INTO `cityfinderapp_city` VALUES (34,'Fresno','CA');
INSERT INTO `cityfinderapp_city` VALUES (35,'Sacramento','CA');
INSERT INTO `cityfinderapp_city` VALUES (36,'Long Beach','CA');
INSERT INTO `cityfinderapp_city` VALUES (37,'Kansas City','MO');
INSERT INTO `cityfinderapp_city` VALUES (38,'Mesa','AZ');
INSERT INTO `cityfinderapp_city` VALUES (39,'Virginia Beach','VA');
INSERT INTO `cityfinderapp_city` VALUES (40,'Atlanta','GA');
INSERT INTO `cityfinderapp_city` VALUES (41,'Colorado Springs','CO');
INSERT INTO `cityfinderapp_city` VALUES (42,'Omaha','NE');
INSERT INTO `cityfinderapp_city` VALUES (43,'Raleigh','NC');
INSERT INTO `cityfinderapp_city` VALUES (44,'Miami','FL');
INSERT INTO `cityfinderapp_city` VALUES (45,'Cleveland','OH');
INSERT INTO `cityfinderapp_city` VALUES (46,'Tulsa','OK');
INSERT INTO `cityfinderapp_city` VALUES (47,'Oakland','CA');
INSERT INTO `cityfinderapp_city` VALUES (48,'Minneapolis','MN');
INSERT INTO `cityfinderapp_city` VALUES (49,'Wichita','KS');
INSERT INTO `cityfinderapp_city` VALUES (50,'Arlington','TX');
INSERT INTO `cityfinderapp_city` VALUES (51,'Bakersfield','CA');
INSERT INTO `cityfinderapp_city` VALUES (52,'New Orleans','LA');
INSERT INTO `cityfinderapp_city` VALUES (53,'Honolulu','HI');
INSERT INTO `cityfinderapp_city` VALUES (54,'Anaheim','CA');
INSERT INTO `cityfinderapp_city` VALUES (55,'Tampa','FL');
INSERT INTO `cityfinderapp_city` VALUES (56,'Aurora','CO');
INSERT INTO `cityfinderapp_city` VALUES (57,'Santa Ana','CA');
INSERT INTO `cityfinderapp_city` VALUES (58,'St. Louis','MO');
INSERT INTO `cityfinderapp_city` VALUES (59,'Pittsburgh','PA');
INSERT INTO `cityfinderapp_city` VALUES (60,'Corpus Christi','TX');
INSERT INTO `cityfinderapp_city` VALUES (61,'Riverside','CA');
INSERT INTO `cityfinderapp_city` VALUES (62,'Cincinnati','OH');
INSERT INTO `cityfinderapp_city` VALUES (63,'Lexington-Fayette','KY');
INSERT INTO `cityfinderapp_city` VALUES (64,'Anchorage','AK');
INSERT INTO `cityfinderapp_city` VALUES (65,'Stockton','CA');
INSERT INTO `cityfinderapp_city` VALUES (66,'Toledo','OH');
INSERT INTO `cityfinderapp_city` VALUES (67,'St. Paul','MN');
INSERT INTO `cityfinderapp_city` VALUES (68,'Newark','NJ');
INSERT INTO `cityfinderapp_city` VALUES (69,'Greensboro','NC');
INSERT INTO `cityfinderapp_city` VALUES (70,'Buffalo','NY');
INSERT INTO `cityfinderapp_city` VALUES (71,'Plano','TX');
INSERT INTO `cityfinderapp_city` VALUES (72,'Lincoln','NE');
INSERT INTO `cityfinderapp_city` VALUES (73,'Henderson','NV');
INSERT INTO `cityfinderapp_city` VALUES (74,'Fort Wayne','IN');
INSERT INTO `cityfinderapp_city` VALUES (75,'Jersey City','NJ');
INSERT INTO `cityfinderapp_city` VALUES (76,'St. Petersburg','FL');
INSERT INTO `cityfinderapp_city` VALUES (77,'Chula Vista','CA');
INSERT INTO `cityfinderapp_city` VALUES (78,'Norfolk','VA');
INSERT INTO `cityfinderapp_city` VALUES (79,'Orlando','FL');
INSERT INTO `cityfinderapp_city` VALUES (80,'Chandler','AZ');
INSERT INTO `cityfinderapp_city` VALUES (81,'Laredo','TX');
INSERT INTO `cityfinderapp_city` VALUES (82,'Madison','WI');
INSERT INTO `cityfinderapp_city` VALUES (83,'Winston-Salem','NC');
INSERT INTO `cityfinderapp_city` VALUES (84,'Lubbock','TX');
INSERT INTO `cityfinderapp_city` VALUES (85,'Baton Rouge','LA');
INSERT INTO `cityfinderapp_city` VALUES (86,'Durham','NC');
INSERT INTO `cityfinderapp_city` VALUES (87,'Garland','TX');
INSERT INTO `cityfinderapp_city` VALUES (88,'Glendale','AZ');
INSERT INTO `cityfinderapp_city` VALUES (89,'Reno','NV');
INSERT INTO `cityfinderapp_city` VALUES (90,'Hialeah','FL');
INSERT INTO `cityfinderapp_city` VALUES (91,'Paradise','NV');
INSERT INTO `cityfinderapp_city` VALUES (92,'Chesapeake','VA');
INSERT INTO `cityfinderapp_city` VALUES (93,'Scottsdale','AZ');
INSERT INTO `cityfinderapp_city` VALUES (94,'North Las Vegas','NV');
INSERT INTO `cityfinderapp_city` VALUES (95,'Irving','TX');
INSERT INTO `cityfinderapp_city` VALUES (96,'Fremont','CA');
INSERT INTO `cityfinderapp_city` VALUES (97,'Irvine','CA');
INSERT INTO `cityfinderapp_city` VALUES (98,'Birmingham','AL');
INSERT INTO `cityfinderapp_city` VALUES (99,'Rochester','NY');
INSERT INTO `cityfinderapp_city` VALUES (100,'San Bernardino','CA');
INSERT INTO `cityfinderapp_city` VALUES (101,'Spokane','WA');
INSERT INTO `cityfinderapp_city` VALUES (102,'Gilbert','AZ');
INSERT INTO `cityfinderapp_city` VALUES (103,'Arlington','VA');
INSERT INTO `cityfinderapp_city` VALUES (104,'Montgomery','AL');
INSERT INTO `cityfinderapp_city` VALUES (105,'Boise City','ID');
INSERT INTO `cityfinderapp_city` VALUES (106,'Richmond','VA');
INSERT INTO `cityfinderapp_city` VALUES (107,'Des Moines','IA');
INSERT INTO `cityfinderapp_city` VALUES (108,'Fayetteville','NC');
CREATE TABLE "cityfinderapp_age" ("id" integer NOT NULL PRIMARY KEY AUTOINCREMENT, "state" varchar(20) NOT NULL, "population" integer NULL, "median_age" real NULL, "age_depend_ratio" real NULL, "old_age_depend_ratio" real NULL, "child_depend_ratio" real NULL, "city_id" integer NOT NULL REFERENCES "cityfinderapp_city" ("id"));
INSERT INTO `cityfinderapp_age` VALUES (136,'NM',760603,36.7,59.3,22.1,37.2,32);
INSERT INTO `cityfinderapp_age` VALUES (137,'AK',255615,32.1,50.9,14.2,36.7,64);
INSERT INTO `cityfinderapp_age` VALUES (138,'GA',4814582,35.4,55.7,15.8,39.9,40);
INSERT INTO `cityfinderapp_age` VALUES (139,'TX',1539722,33.5,49.7,13.2,36.5,14);
INSERT INTO `cityfinderapp_age` VALUES (140,'CA',557086,30.4,66.4,15.7,50.7,51);
INSERT INTO `cityfinderapp_age` VALUES (141,'MD',2269028,37.1,55.5,21.1,34.5,21);
INSERT INTO `cityfinderapp_age` VALUES (142,'LA',606920,33.7,55.0,17.6,37.4,85);
INSERT INTO `cityfinderapp_age` VALUES (143,'AL',754151,37.0,59.5,21.9,37.6,98);
INSERT INTO `cityfinderapp_age` VALUES (144,'ID',381292,36.4,61.4,20.8,40.5,105);
INSERT INTO `cityfinderapp_age` VALUES (145,'NY',933743,40.2,59.1,26.4,32.8,70);
INSERT INTO `cityfinderapp_age` VALUES (146,'IL',8690119,36.6,57.2,20.0,37.2,3);
INSERT INTO `cityfinderapp_age` VALUES (147,'OH',1654328,36.8,61.1,21.8,39.3,62);
INSERT INTO `cityfinderapp_age` VALUES (148,'OH',1765709,41.1,62.2,26.7,35.5,45);
INSERT INTO `cityfinderapp_age` VALUES (149,'CO',595034,33.4,57.1,17.6,39.4,41);
INSERT INTO `cityfinderapp_age` VALUES (150,'OH',1452271,34.4,54.6,16.7,37.8,15);
INSERT INTO `cityfinderapp_age` VALUES (151,'TX',333842,35.1,61.2,20.5,40.7,60);
INSERT INTO `cityfinderapp_age` VALUES (152,'TX',5535390,34.0,58.3,15.5,42.8,9);
INSERT INTO `cityfinderapp_age` VALUES (153,'CO',2570920,35.6,54.8,17.7,37.0,26);
INSERT INTO `cityfinderapp_age` VALUES (154,'IA',484828,35.1,58.8,18.1,40.8,107);
INSERT INTO `cityfinderapp_age` VALUES (155,'MI',3724951,39.4,60.3,23.4,36.9,18);
INSERT INTO `cityfinderapp_age` VALUES (156,'NC',375715,33.3,47.9,15.7,32.2,86);
INSERT INTO `cityfinderapp_age` VALUES (157,'NC',320450,30.8,56.6,16.1,40.5,108);
INSERT INTO `cityfinderapp_age` VALUES (158,'IN',320758,34.9,63.3,20.4,42.9,74);
INSERT INTO `cityfinderapp_age` VALUES (159,'CA',680225,31.7,66.5,19.0,47.5,34);
INSERT INTO `cityfinderapp_age` VALUES (160,'NC',328267,35.6,57.4,21.0,36.5,69);
INSERT INTO `cityfinderapp_age` VALUES (161,'TX',5396566,33.4,57.6,14.6,43.0,4);
INSERT INTO `cityfinderapp_age` VALUES (162,'IN',1558587,35.2,60.0,18.4,41.5,12);
INSERT INTO `cityfinderapp_age` VALUES (163,'FL',1116488,37.1,58.3,21.1,37.2,11);
INSERT INTO `cityfinderapp_age` VALUES (164,'TX',253592,28.3,74.2,14.9,59.3,81);
INSERT INTO `cityfinderapp_age` VALUES (165,'KY',305786,33.9,48.4,17.0,31.4,63);
INSERT INTO `cityfinderapp_age` VALUES (166,'NE',272639,32.5,53.2,18.1,35.1,72);
INSERT INTO `cityfinderapp_age` VALUES (167,'CA',12568101,35.8,53.6,18.8,34.8,2);
INSERT INTO `cityfinderapp_age` VALUES (168,'KY',1005566,37.6,59.7,22.7,37.0,27);
INSERT INTO `cityfinderapp_age` VALUES (169,'TX',251335,29.8,52.9,17.4,35.6,84);
INSERT INTO `cityfinderapp_age` VALUES (170,'WI',427368,33.5,48.1,16.9,31.2,82);
INSERT INTO `cityfinderapp_age` VALUES (171,'FL',5868457,40.5,60.4,27.4,33.0,44);
INSERT INTO `cityfinderapp_age` VALUES (172,'WI',1390457,36.7,59.7,21.7,38.0,28);
INSERT INTO `cityfinderapp_age` VALUES (173,'MN',2780416,36.1,56.2,18.9,37.3,48);
INSERT INTO `cityfinderapp_age` VALUES (174,'AL',253175,35.6,58.5,20.8,37.7,104);
INSERT INTO `cityfinderapp_age` VALUES (175,'TN',1047649,35.1,54.3,17.6,36.7,25);
INSERT INTO `cityfinderapp_age` VALUES (176,'LA',951870,36.9,53.8,20.3,33.5,52);
INSERT INTO `cityfinderapp_age` VALUES (177,'NY',18869669,37.7,56.3,21.9,34.4,1);
INSERT INTO `cityfinderapp_age` VALUES (178,'OK',912083,34.4,61.0,19.8,41.2,31);
INSERT INTO `cityfinderapp_age` VALUES (179,'NE',765938,33.9,60.4,18.2,42.2,42);
INSERT INTO `cityfinderapp_age` VALUES (180,'FL',1642448,35.7,52.3,18.5,33.8,79);
INSERT INTO `cityfinderapp_age` VALUES (181,'PA',5507397,38.0,57.9,22.8,35.1,5);
INSERT INTO `cityfinderapp_age` VALUES (182,'AZ',3881426,35.7,64.4,23.2,41.2,6);
INSERT INTO `cityfinderapp_age` VALUES (183,'PA',1747218,41.9,59.0,28.4,30.6,59);
INSERT INTO `cityfinderapp_age` VALUES (184,'OR',1953315,37.2,54.0,19.5,34.5,29);
INSERT INTO `cityfinderapp_age` VALUES (185,'NC',980961,35.2,53.5,15.2,38.4,43);
INSERT INTO `cityfinderapp_age` VALUES (186,'NV',412592,36.8,58.1,22.2,35.8,89);
INSERT INTO `cityfinderapp_age` VALUES (187,'VA',996931,36.8,55.7,20.2,35.5,106);
INSERT INTO `cityfinderapp_age` VALUES (188,'CA',2028526,31.7,60.4,15.8,44.6,61);
INSERT INTO `cityfinderapp_age` VALUES (189,'NY',731284,39.0,59.7,25.0,34.8,99);
INSERT INTO `cityfinderapp_age` VALUES (190,'CA',1800506,36.3,61.4,21.7,39.7,35);
INSERT INTO `cityfinderapp_age` VALUES (191,'MO',2165165,38.2,59.3,23.2,36.2,58);
INSERT INTO `cityfinderapp_age` VALUES (192,'TX',1903553,33.5,59.9,18.1,41.8,7);
INSERT INTO `cityfinderapp_age` VALUES (193,'CA',3124629,35.2,53.9,19.4,34.5,8);
INSERT INTO `cityfinderapp_age` VALUES (194,'CA',3468694,38.3,49.7,20.8,28.9,13);
INSERT INTO `cityfinderapp_age` VALUES (195,'CA',1766650,37.0,54.1,18.9,35.3,10);
INSERT INTO `cityfinderapp_age` VALUES (196,'WA',3276685,36.6,51.4,18.3,33.1,23);
INSERT INTO `cityfinderapp_age` VALUES (197,'WA',399232,36.7,59.6,22.9,36.7,101);
INSERT INTO `cityfinderapp_age` VALUES (198,'CA',384308,32.8,66.5,19.8,46.6,65);
INSERT INTO `cityfinderapp_age` VALUES (199,'FL',2568725,41.2,62.5,28.7,33.8,55);
INSERT INTO `cityfinderapp_age` VALUES (200,'AZ',856428,37.1,61.7,27.1,34.6,33);
INSERT INTO `cityfinderapp_age` VALUES (201,'OK',685862,35.4,62.7,20.9,41.8,46);
INSERT INTO `cityfinderapp_age` VALUES (202,'HI',839840,36.9,59.5,25.4,34.2,53);
INSERT INTO `cityfinderapp_age` VALUES (203,'VA',1469958,34.4,53.7,18.4,35.3,39);
INSERT INTO `cityfinderapp_age` VALUES (204,'DC',4915694,35.9,51.8,16.8,35.0,24);
INSERT INTO `cityfinderapp_age` VALUES (205,'KS',478677,34.3,64.6,20.9,43.7,49);
INSERT INTO `cityfinderapp_age` VALUES (206,'NC',407205,37.8,62.5,23.4,39.1,83);
CREATE TABLE "cityfinderapp_academic" ("id" integer NOT NULL PRIMARY KEY AUTOINCREMENT, "institution_id" integer NOT NULL, "name" varchar(20) NULL, "add" varchar(20) NULL, "state" integer NULL, "zip_code" varchar(7) NULL, "city_id" integer NOT NULL REFERENCES "cityfinderapp_city" ("id"));
CREATE TABLE "auth_user_user_permissions" ("id" integer NOT NULL PRIMARY KEY AUTOINCREMENT, "user_id" integer NOT NULL REFERENCES "auth_user" ("id"), "permission_id" integer NOT NULL REFERENCES "auth_permission" ("id"));
CREATE TABLE "auth_user_groups" ("id" integer NOT NULL PRIMARY KEY AUTOINCREMENT, "user_id" integer NOT NULL REFERENCES "auth_user" ("id"), "group_id" integer NOT NULL REFERENCES "auth_group" ("id"));
CREATE TABLE "auth_user" ("id" integer NOT NULL PRIMARY KEY AUTOINCREMENT, "password" varchar(128) NOT NULL, "last_login" datetime NULL, "is_superuser" bool NOT NULL, "first_name" varchar(30) NOT NULL, "last_name" varchar(30) NOT NULL, "email" varchar(254) NOT NULL, "is_staff" bool NOT NULL, "is_active" bool NOT NULL, "date_joined" datetime NOT NULL, "username" varchar(30) NOT NULL UNIQUE);
CREATE TABLE "auth_permission" ("id" integer NOT NULL PRIMARY KEY AUTOINCREMENT, "content_type_id" integer NOT NULL REFERENCES "django_content_type" ("id"), "codename" varchar(100) NOT NULL, "name" varchar(255) NOT NULL);
INSERT INTO `auth_permission` VALUES (1,1,'add_logentry','Can add log entry');
INSERT INTO `auth_permission` VALUES (2,1,'change_logentry','Can change log entry');
INSERT INTO `auth_permission` VALUES (3,1,'delete_logentry','Can delete log entry');
INSERT INTO `auth_permission` VALUES (4,2,'add_permission','Can add permission');
INSERT INTO `auth_permission` VALUES (5,2,'change_permission','Can change permission');
INSERT INTO `auth_permission` VALUES (6,2,'delete_permission','Can delete permission');
INSERT INTO `auth_permission` VALUES (7,3,'add_group','Can add group');
INSERT INTO `auth_permission` VALUES (8,3,'change_group','Can change group');
INSERT INTO `auth_permission` VALUES (9,3,'delete_group','Can delete group');
INSERT INTO `auth_permission` VALUES (10,4,'add_user','Can add user');
INSERT INTO `auth_permission` VALUES (11,4,'change_user','Can change user');
INSERT INTO `auth_permission` VALUES (12,4,'delete_user','Can delete user');
INSERT INTO `auth_permission` VALUES (13,5,'add_contenttype','Can add content type');
INSERT INTO `auth_permission` VALUES (14,5,'change_contenttype','Can change content type');
INSERT INTO `auth_permission` VALUES (15,5,'delete_contenttype','Can delete content type');
INSERT INTO `auth_permission` VALUES (16,6,'add_session','Can add session');
INSERT INTO `auth_permission` VALUES (17,6,'change_session','Can change session');
INSERT INTO `auth_permission` VALUES (18,6,'delete_session','Can delete session');
INSERT INTO `auth_permission` VALUES (19,7,'add_city','Can add city');
INSERT INTO `auth_permission` VALUES (20,7,'change_city','Can change city');
INSERT INTO `auth_permission` VALUES (21,7,'delete_city','Can delete city');
INSERT INTO `auth_permission` VALUES (22,8,'add_walk','Can add walk');
INSERT INTO `auth_permission` VALUES (23,8,'change_walk','Can change walk');
INSERT INTO `auth_permission` VALUES (24,8,'delete_walk','Can delete walk');
INSERT INTO `auth_permission` VALUES (25,9,'add_weather','Can add weather');
INSERT INTO `auth_permission` VALUES (26,9,'change_weather','Can change weather');
INSERT INTO `auth_permission` VALUES (27,9,'delete_weather','Can delete weather');
INSERT INTO `auth_permission` VALUES (28,10,'add_rent','Can add rent');
INSERT INTO `auth_permission` VALUES (29,10,'change_rent','Can change rent');
INSERT INTO `auth_permission` VALUES (30,10,'delete_rent','Can delete rent');
INSERT INTO `auth_permission` VALUES (31,11,'add_crime','Can add crime');
INSERT INTO `auth_permission` VALUES (32,11,'change_crime','Can change crime');
INSERT INTO `auth_permission` VALUES (33,11,'delete_crime','Can delete crime');
INSERT INTO `auth_permission` VALUES (34,12,'add_col','Can add col');
INSERT INTO `auth_permission` VALUES (35,12,'change_col','Can change col');
INSERT INTO `auth_permission` VALUES (36,12,'delete_col','Can delete col');
INSERT INTO `auth_permission` VALUES (40,14,'add_lgbt','Can add lgbt');
INSERT INTO `auth_permission` VALUES (41,14,'change_lgbt','Can change lgbt');
INSERT INTO `auth_permission` VALUES (42,14,'delete_lgbt','Can delete lgbt');
INSERT INTO `auth_permission` VALUES (43,15,'add_hisp','Can add hisp');
INSERT INTO `auth_permission` VALUES (44,15,'change_hisp','Can change hisp');
INSERT INTO `auth_permission` VALUES (45,15,'delete_hisp','Can delete hisp');
INSERT INTO `auth_permission` VALUES (46,16,'add_age','Can add age');
INSERT INTO `auth_permission` VALUES (47,16,'change_age','Can change age');
INSERT INTO `auth_permission` VALUES (48,16,'delete_age','Can delete age');
CREATE TABLE "auth_group_permissions" ("id" integer NOT NULL PRIMARY KEY AUTOINCREMENT, "group_id" integer NOT NULL REFERENCES "auth_group" ("id"), "permission_id" integer NOT NULL REFERENCES "auth_permission" ("id"));
CREATE TABLE "auth_group" ("id" integer NOT NULL PRIMARY KEY AUTOINCREMENT, "name" varchar(80) NOT NULL UNIQUE);
CREATE INDEX "django_session_de54fa62" ON "django_session" ("expire_date");
CREATE UNIQUE INDEX "django_content_type_app_label_76bd3d3b_uniq" ON "django_content_type" ("app_label", "model");
CREATE INDEX "django_admin_log_e8701ad4" ON "django_admin_log" ("user_id");
CREATE INDEX "django_admin_log_417f1b1c" ON "django_admin_log" ("content_type_id");
CREATE INDEX "cityfinderapp_weather_c7141997" ON "cityfinderapp_weather" ("city_id");
CREATE INDEX "cityfinderapp_walk_c7141997" ON "cityfinderapp_walk" ("city_id");
CREATE INDEX "cityfinderapp_rent_c7141997" ON "cityfinderapp_rent" ("city_id");
CREATE INDEX "cityfinderapp_lgbt_c7141997" ON "cityfinderapp_lgbt" ("city_id");
CREATE INDEX "cityfinderapp_hisp_c7141997" ON "cityfinderapp_hisp" ("city_id");
CREATE INDEX "cityfinderapp_crime_c7141997" ON "cityfinderapp_crime" ("city_id");
CREATE INDEX "cityfinderapp_col_c7141997" ON "cityfinderapp_col" ("city_id");
CREATE INDEX "cityfinderapp_age_c7141997" ON "cityfinderapp_age" ("city_id");
CREATE INDEX "cityfinderapp_academic_c7141997" ON "cityfinderapp_academic" ("city_id");
CREATE UNIQUE INDEX "auth_user_user_permissions_user_id_14a6b632_uniq" ON "auth_user_user_permissions" ("user_id", "permission_id");
CREATE INDEX "auth_user_user_permissions_e8701ad4" ON "auth_user_user_permissions" ("user_id");
CREATE INDEX "auth_user_user_permissions_8373b171" ON "auth_user_user_permissions" ("permission_id");
CREATE UNIQUE INDEX "auth_user_groups_user_id_94350c0c_uniq" ON "auth_user_groups" ("user_id", "group_id");
CREATE INDEX "auth_user_groups_e8701ad4" ON "auth_user_groups" ("user_id");
CREATE INDEX "auth_user_groups_0e939a4f" ON "auth_user_groups" ("group_id");
CREATE UNIQUE INDEX "auth_permission_content_type_id_01ab375a_uniq" ON "auth_permission" ("content_type_id", "codename");
CREATE INDEX "auth_permission_417f1b1c" ON "auth_permission" ("content_type_id");
CREATE UNIQUE INDEX "auth_group_permissions_group_id_0cd325b0_uniq" ON "auth_group_permissions" ("group_id", "permission_id");
CREATE INDEX "auth_group_permissions_8373b171" ON "auth_group_permissions" ("permission_id");
CREATE INDEX "auth_group_permissions_0e939a4f" ON "auth_group_permissions" ("group_id");
COMMIT;
